Original File Name,Renamed File Name,Associated MIA Object,Object Credit / Description,Photo Credit,Image Source,Contact Info,Permissions,Image Received & QC'd,Image Pass QC,Image Ready for Release,Additional Notes,,,
2000_377,2014_TDX_MIAArtStories_063.tif,29.2,"Shiva Nataraja Chola dynasty Bronze; Overall: 35 x 28 x 10 in. (88.9 x 71.12 x 25.4 cm) Weight: 105 lb. (47.6273 kg) Dallas Museum of Art, gift of Mrs. Eugene McDermott, the Hamon Charitable Foundation, and an anonymous donor in honor of David T. Owsley, with additional funding from The Cecil and Ida Green Foundation and the Cecil and Ida Green Acquisition Fund",,http://museum.dma.org:9090/emuseum/view/objects/asitem/2038/54/title-desc?t:state:flow=2fcca545-3705-49a8-8245-eefbd4f1a17b,Giselle Castro-Brightenburg <GCastro-Brightenburg@dma.org>,,Yes,Yes,Yes,"Shiva Nataraja, public domain, indefinite use.(They also sent detail supplemental images)",,,
Alfred_Ford_(Ambarisha_Das)_puja_ISKCON_Tirupati_2007,2014_TDX_MIAArtStories_075.tif,29.2,"""Alfred Ford (Ambarisha Das) puja ISKCON Tirupati 2007"" by Ilya Mauter - Own work. Licensed under Creative Commons Attribution-Share Alike 3.0 via Wikimedia Commons - http://commons.wikimedia.org/wiki/File:Alfred_Ford_(Ambarisha_Das)_puja_ISKCON_Tirupati_2007.JPG#mediaviewer/File:Alfred_Ford_(Ambarisha_Das)_puja_ISKCON_Tirupati_2007.JPG",,http://commons.wikimedia.org/wiki/Category:Puja#mediaviewer/File:Alfred_Ford_%28Ambarisha_Das%29_puja_ISKCON_Tirupati_2007.JPG,,,Yes,Yes,Yes,Shiva Nataraja (Puja),,,
ApR black background 12.12.13,2014_TDX_MIAArtStories_076.tif,29.2,"Aparna Ramaswamy, Ragamala Dance, 2013",Ragamala Dance,Ragamala Dance,,,Yes,Yes,Yes,Shiva Nataraja,,,
Chidambaram_festival,2014_TDX_MIAArtStories_078.tif,29.2,Chidambaram Festival,"By Flickr user Melanie Molitor (http://www.flickr.com/photos/melanie-m/2679699134/) [CC-BY-2.0 (http://creativecommons.org/licenses/by/2.0)], via Wikimedia Commons",http://commons.wikimedia.org/wiki/File:Chidambaram_festival.jpg,,,Yes,Yes,Yes,Shiva Nataraja (Portable gods Temple Car:),,,
Datura_stramonium_white_flower,2014_TDX_MIAArtStories_079.tif,29.2,Datura Stramonium white flower,"""Datura stramonium white flower"" by Júlio Reis - Original file. Licensed under Creative Commons Attribution-Share Alike 3.0 via Wikimedia Commons - http://commons.wikimedia.org/wiki/File:Datura_stramonium_white_flower.jpg#mediaviewer/File:Datura_stramonium_white_flower.jpg",,,,Yes,Yes,Yes,Shiva Datura flower: ,,,
Gangaikondacholapuram_natarajar,2014_TDX_MIAArtStories_081.tif,29.2,Chola period Nataraja on Brihadisvara Temple,"By Rsp3282 (Own work) [CC-BY-SA-3.0 (http://creativecommons.org/licenses/by-sa/3.0)], via Wikimedia Commons",http://commons.wikimedia.org/wiki/File:Gangaikondacholapuram_natarajar.JPG,,,Yes,Yes,Yes,Shiva Nataraja (chola period Nataraja on Temple),,,
Kasdorf bronze big,2014_TDX_MIAArtStories_084.tif,29.2,Wax casting,Katherine Kasdorf,Katherine Kasdorf,,,Yes,Yes,Yes,Shiva Nataraja (wax casting),,,
MRBZ0783,2014_TDX_MIAArtStories_085.tif,29.2,"Ashwini Ramaswamy, Ragamala Dance, 2013","Tim Rummelhoff, Ragamala Dance",Ragamala Dance,,,Yes,Yes,Yes,Shiva Nataraja,,,
Ringworm_Cassia_(Senna_alata),2014_TDX_MIAArtStories_091.tif,29.2,Cassia plant,"By Mokkie (Own work) [CC-BY-SA-3.0 (http://creativecommons.org/licenses/by-sa/3.0)], via Wikimedia Commons",,,,Yes,Yes,Yes,Shiva Cassia Leaves:,,,
Sadu_Kathmandu_Pashupatinath_2006_Luca_Galuzzi,2014_TDX_MIAArtStories_093.tif,29.2,Hindu dreadlocks,"I, Luca Galuzzi [CC-BY-SA-2.5 (http://creativecommons.org/licenses/by-sa/2.5)], via Wikimedia Commons",Hindu dreadlocks: ,,,Yes,Yes,Yes,Shiva Nataraja (Holy Hair),,,
Sculpture_of_a_multi-hooded_Naga_at_museum_in_Kedareshvara_temple_in_Balligavi,2014_TDX_MIAArtStories_094.tif,29.2,Hooded Naga at Kedareshvara Temple in Balligavi,"By Pawaskar Vinayak (Own work) [CC-BY-SA-3.0 (http://creativecommons.org/licenses/by-sa/3.0)], via Wikimedia Commons",http://commons.wikimedia.org/wiki/File:Sculpture_of_a_multi-hooded_Naga_at_museum_in_Kedareshvara_temple_in_Balligavi.jpg,,,Yes,Yes,Yes,Shiva Nataraja (Naga Sculpture),,,
mia_2008382.tif,N/A,29.2,"Shiva Nataraja (Lord of the Dance) 11th or early 12th century, ca. 1100 Bronze 28 in. (71.12 cm) Origin: Tamil Nadu, India, Asia Gift of Mrs. E. C. Gale",© 2014 Minneapolis Institute of Arts,,,,Yes,Yes,Yes,Shiva Nataraja,,,
6843495024_68f2c126df_o,2014_TDX_MIAArtStories_176.tif,29.2,"A trio of stone icons with snake iconography decorated with red sacred powder (kumkum) and jasmine flowers.Tiruvannamalai, Tamil Nadu, India, Zhenya Bakanova & Alex Grabchilev",Zhenya Bakanova & Alex Grabchilev,https://www.flickr.com/photos/tse_tse/6843495024/sizes/l,https://www.flickr.com/photos/tse_tse/6843495024/sizes/l,,Yes,Yes,Yes,"Shiva Nataraja-snake -Roma emailed request via Flickr 9/16/2014, again 10/8/2014, Roma received permission to use photograph, however no image file yet.",,,
mia_6007449.tif,N/A,60.21,"Yogini holding a jar
early 10th century
Artist Unknown
India, Asia
Granite
45 x 28 1/2 x 15 1/2 in. (114.3 x 72.39 x 39.37 cm)",© 2014 Minneapolis Institute of Arts,,,,Yes,Yes,Yes,"Yogini, Author: Risha",,,
2861.jpg,2014_TDX_MIAArtStories_072.tif,60.21,"One yoga text, the Siddha Siddhanta Paddhati, describes nine chakras, shown painted on the body of a yogic practitioner.   "," The Chakras of the Subtle Body, Folio 4 from the Siddha Siddhanta Paddhati Bulaki. India, Rajasthan, Jodhpur, dated 1824. Opaque watercolor and gold on paper, 122x 46 cm. Mehrangarh Museum Trust, RJS2376.",http://blog.asianart.org/blog/index.php/2014/02/21/yoga-the-art-of-transformation/,"
Sunayana Rathore <sunayanarathore@yahoo.co.in>",,Yes,Yes,Yes,"Yogini; Paige sent email permissions request to reprorights@si.edu on 9/8/2014; 
message forwarded to Karni Jasol, the director of the Mehrangarh Museum 
Trust by Betsy Kohut on 9/9/2014; Paige sent follow-up email to karni.jasol@gmail.com on 9/18/2014 requesting permissions for both images apart of Yoga: Art of Transformation exhibition",,,
Chausath_Yogini_temple_(Hirapur),2014_TDX_MIAArtStories_077.tif,60.21,"Exterior of a Yogini temple in Hirapur, Orissa, ca. 800 or 900","By Krishnan Iyer (Own work) [CC-BY-SA-3.0 (http://creativecommons.org/licenses/by-sa/3.0)], via Wikimedia Commons",http://commons.wikimedia.org/wiki/File:Chausath_Yogini_temple_%28Hirapur%29.jpg,,,Yes,Yes,Yes,yogini temple in hirapur-architectural context,,,
Yoginis_in_a_circular_format,2014_TDX_MIAArtStories_097.tif,60.21,"Exterior and interior of a Yogini temple in Hirapur, Orissa, ca. 9th or 10th century ","""Yoginis in a circular format"" by Soumendra Barik - Own work. Licensed under Creative Commons Attribution-Share Alike 3.0 via Wikimedia Commons - http://commons.wikimedia.org/wiki/File:Yoginis_in_a_circular_format.JPG#mediaviewer/File:Yoginis_in_a_circular_format.JPG",http://en.wikipedia.org/wiki/Yogini#mediaviewer/File:Yoginis_in_a_circular_format.JPG,,,Yes,Yes,Yes,"yogini temple in hirapur- Interior, http://commons.wikimedia.org/wiki/File:Yoginis_in_a_circular_format.JPG ",,,
mia_1015598.tif,N/A,60.21,"Shiva and Parvati are lavishly adorned with jewelry in this Vijayanagara period bronze.  Somaskanda, Tamil Nadu, India, 14th or 15th century, The John R. Van Derlip Fund, 2009.12.2a-c",,,,,Yes,Yes,Yes,Yogini,,,
SAMA_Yogini,2014_TDX_MIAArtStories_183.tif,60.21,Yogini. Northern India. Uttar Pradesh or Madya Pradesh. 10-11th century. Sandstone. San Antonio Museum of Art,"This yogini from the San Antonio Museum of Art is a fierce warrior who carries a large sword and shield. By Zereshk (Own work) [CC-BY-SA-3.0 (http://creativecommons.org/licenses/by-sa/3.0) or GFDL (http://www.gnu.org/copyleft/fdl.html)], via Wikimedia Commons",http://commons.wikimedia.org/wiki/File:SAMA_Yogini.jpg,,,Yes,Yes,Yes,Yogini- tools for rule,,,
_MG_8926,2014_TDX_MIAArtStories_175.tif,60.21,"Installation view of YOGA: The Art of Transformation, 2014, Asian Art Museum, San Francisco. Image © Asian Art Museum, San Francisco.","Installation view of YOGA: The Art of Transformation, 2014, Asian Art Museum, San Francisco. Image © Asian Art Museum, San Francisco.",,E-MAIL:  jbloom@asianart.org,,Yes,Yes,Yes,Yogini exhibition image,,,
Freer yogini group,2014_TDX_MIAArtStories_179.tif,60.21,"Detroit Institute of Art courier, Risha Lee, Debra Diamond organizing curator, Freer Sackler",Risha Lee,Risha Lee,,,Yes,Yes,Yes,Yogini exhibition image,,,
14135970_312707fe60_o,2014_TDX_MIAArtStories_073.tif,97.36,Bengali Bride,"Photo: Steve Evans ""babasteve"" Source: http://www.flickr.com/photos/babasteve/14135970/ category:people of Assam category:brides {{cc-by-2.0}}",http://commons.wikimedia.org/wiki/File:Bride_in_Assam.jpg,,,Yes,Yes,Yes,Gowri Shankaram Necklace (Bengali Bride),,,
5051687953_9cf7ebe2c7_o,2014_TDX_MIAArtStories_074.tif,97.36,"""Tribal fantasy in Gujarat; Hodka village - Harijan or Meghwal tribal people"" RUDI ROELS – BELGIUM",RUDI ROELS – BELGIUM,https://www.flickr.com/photos/rudiroels/5051687953/in/set-72157613350768086,Roma emailed via flickr & LinkedIn 9/8/2014,,Yes,Yes,Yes,Gowri Shankaram Necklace (young unmarried girl),,,
Groupofrudraksha,2014_TDX_MIAArtStories_082.tif,97.36,Rudruksha berries,"Krishnaprasadkkp, ""Groupofrudraksha"" by Krishnaprasadkkp - Own work. Licensed under Public domain via Wikimedia Commons - http://commons.wikimedia.org/wiki/File:Groupofrudraksha.jpg#mediaviewer/File:Groupofrudraksha.jpg",http://commons.wikimedia.org/wiki/Category:Rudraksha#mediaviewer/File:Groupofrudraksha.jpg,,,Yes,Yes,Yes,Gowri Shankaram Necklace (berries),,,
Hindu_wedding_symbols,2014_TDX_MIAArtStories_083.tif,97.36,Thali,"By Appaiah (Flickr) [CC-BY-SA-2.0 (http://creativecommons.org/licenses/by-sa/2.0)], via Wikimedia Commons",http://commons.wikimedia.org/wiki/File:Hindu_wedding_symbols.jpg,,,Yes,Yes,Yes,Gowri Shankaram Necklace- thali,,,
Natarajartemple1,2014_TDX_MIAArtStories_086.tif,97.36,"Nataraja Temple, Gopuram","""Natarajartemple1"" by Lakshmanan (talk)Original uploader was Mlakshmanan at en.wikipedia - Transferred from en.wikipedia; transferred to Commons by User:Sasikiran_10 using CommonsHelper.(Original text : I created this work entirely by myself.). Licensed under Creative Commons Attribution-Share Alike 3.0 via Wikimedia Commons - http://commons.wikimedia.org/wiki/File:Natarajartemple1.jpg#mediaviewer/File:Natarajartemple1.jpg",http://commons.wikimedia.org/wiki/Category:Gopurams_of_Nataraja_temple#mediaviewer/File:Natarajartemple1.jpg,,,Yes,Yes,Yes,Gowri Shankaram Necklace-Gopuram,,,
Nymph_of_Sanchi,2014_TDX_MIAArtStories_087.tif,97.36,"Fertility is prominent in early Indian temple iconography. At a Buddhist stupa in Sanchi, dating to the first century BCE, a female divinity (yakshi) grips a mango tree, causing it to bloom.","By Vu2sga (Own work) [CC-BY-SA-3.0 (http://creativecommons.org/licenses/by-sa/3.0)], via Wikimedia Commons",http://commons.wikimedia.org/wiki/File:Nymph_of_Sanchi.JPG,,,Yes,Yes,Yes,Gowri Shankaram Necklace (Sanchi Yakshi),,,
Pambadam_Tamil_Women,2014_TDX_MIAArtStories_088.tif,97.36,Pambadam on a Tamil woman,"By Thamizhpparithi Maari (Own work) [CC-BY-SA-3.0 (http://creativecommons.org/licenses/by-sa/3.0)], via Wikimedia Commons",http://commons.wikimedia.org/wiki/File:Pambadam_Tamil_Women.jpg,,,Yes,Yes,Yes,Gowri Shankaram Necklace,,,
"Sri_chenna_keshava_swamy,Ganigarapet,Bangalore",2014_TDX_MIAArtStories_095.tif,97.36,Dressed statues in Bangalore,"""Sri chenna keshava swamy,Ganigarapet,Bangalore"" by ASGB - Own work. Licensed under Creative Commons Attribution-Share Alike 3.0 via Wikimedia Commons - http://commons.wikimedia.org/wiki/File:Sri_chenna_keshava_swamy,Ganigarapet,Bangalore.jpg#mediaviewer/File:Sri_chenna_keshava_swamy,Ganigarapet,Bangalore.jpg","http://commons.wikimedia.org/wiki/Category:Statues_of_Hindu_deities#mediaviewer/File:Sri_chenna_keshava_swamy,Ganigarapet,Bangalore.jpg",,,Yes,Yes,Yes,Gowri Shankaram Necklace,,,
"Tribe_woman,_India",2014_TDX_MIAArtStories_096.tif,97.36,Gujarati women wearing jewelry,"By Chris (Flickr: Tribe woman, India) [CC-BY-2.0 (http://creativecommons.org/licenses/by/2.0)], via Wikimedia Commons","http://commons.wikimedia.org/wiki/File:Tribe_woman,_India.jpg",,,Yes,Yes,Yes,Gowri Shankaram Necklace (Gujarati women wearing jewelry),,,
mia_SlideScan_001258.jpg,N/A,97.36,"Pambadam Earrings Pambadam Earrings 19th-20th century Gold 2 1/4 x 2 x 2 1/8 in. (5.72 x 5.08 x 5.4 cm) Origin: Madurai, Tamil Nadu, India, India, Asia The Ethel Morrison Van Derlip Fund, 92.132.2a,b",© 2014 Minneapolis Institute of Arts,,,,Yes,Yes,Yes,"Gowri Shankaram Necklace

Needs new photography -Jlynn              Roma submitted photography request and this should have already been completed, no? RR 1/22/15",,,
mia_29720a.tif,N/A,97.36,"Lintel Arch From a Vishnu Temple 12th century Artist Unknown (India, Asia) Grey limestone 14 x 35 1/2 x 5 in. (35.56 x 90.17 x 12.7 cm) Gift of Mr. and Mrs. Charles A. Cleveland 96.54.2",© 2014 Minneapolis Institute of Arts,,,,Yes,Yes,Yes,,,,
mia_1003925.tif,N/A,97.36,"Sculpture Shiva’s Family (Uma-Maheshvara) Unknown 10th-11th century, c. 1000 Buff sandstone 59 x 32 3/4 x 13 1/2 in. (149.86 x 83.19 x 34.29 cm) Origin: Madhya Pradesh, India, Asia The John R. Van Derlip Fund",© 2014 Minneapolis Institute of Arts,,,,Yes,Yes,Yes,"Gowri Shankaram Necklace

Use mia_1003925.tif -Jlynn",,,
150VIEWA.TIF,NEED IMAGE,97.36,"Golden sandals crafted for a diety, Collection of Susan L. Beningson",Collection of Susan L. Beningson,"Gold Sandals:  Aitken, 62  When Gold Blossoms catalogue, Asia Society. cat #19","Roma sent email permissions request to Asia Society 8/26/2014, follow up email 10/2/2014, called and spoke to Liza Hook permissions officer. They don't own copyright but she will investigate who does and get back to Roma, Susan Beningson owner of sandals preliminary OK, waiting to hear 10/18, follow up email to Susan 11/18",,No,No,No,Gowri Shankaram Necklace (Sandals)                   V:\CURATORIAL\TEMP TDX Image folder,,,
mia_6007442.tif,N/A,97.36,"Detail of kirtimukha armband on yogini. Yogini holding a jar early 10th century Granite 45 x 28 1/2 x 15 1/2 in. (114.3 x 72.39 x 39.37 cm) Origin: Kanchipuram, Tamil Nadu, India, India, Asia The Christina N. and Swan J. Turnblad Memorial Fund
60.21",© 2014 Minneapolis Institute of Arts,,,,Yes,Yes,Yes,"Gowri Shankaram Necklace

File ok, use WordPress to zoom on detial -Jlynn",,,
Kirtimukha.Nepal1.JPG,2014_TDX_MIAArtStories_180.tif,97.36,Kirtimukha on top of arch above entrance to Hindu temple in Kathmandu,"By Clemensmarabu (Own work) [CC-BY-SA-3.0 (http://creativecommons.org/licenses/by-sa/3.0) or GFDL (http://www.gnu.org/copyleft/fdl.html)], via Wikimedia Commons",http://commons.wikimedia.org/wiki/File:Kirtimukha.Nepal1.JPG,,,Yes,Yes,Yes,Gowri Shankaram Necklace-Kirtimukha,,,
Linteau_Musée_Guimet_25974.jpg,2014_TDX_MIAArtStories_181.tif,97.36,Linteau,"By Vassil (Own work) [Public domain], via Wikimedia Commons",http://commons.wikimedia.org/wiki/File:Linteau_Mus%C3%A9e_Guimet_25974.jpg,,,Yes,Yes,Yes,Gowri Shankaram Necklace-Kirtimukha,,,
Amruteshvara_temple_in_Annigeri.JPG,2014_TDX_MIAArtStories_177.tif,97.36,"Kirtimukha at Amruteshvara temple at Annigeri in the Dharwad district in Karnataka state, India. ","By Dineshkannambadi (Own work) [CC-BY-SA-3.0 (http://creativecommons.org/licenses/by-sa/3.0)], via Wikimedia Commons",http://commons.wikimedia.org/wiki/File:Kirtimukha_relief_decoration_at_Amruteshvara_temple_in_Annigeri.JPG,,,Yes,Yes,Yes,Gowri Shankaram Necklace-Kirtimukha,,,
Bali_stone_face,2014_TDX_MIAArtStories_178.tif,97.36,"Kirtimukha in Bali, Indonesia","By Shawn Allen from San Francisco, CA, USA (Flickr) [CC-BY-2.0 (http://creativecommons.org/licenses/by/2.0)], via Wikimedia Commons",http://commons.wikimedia.org/wiki/File:Bali_stone_face.jpg,,,Yes,Yes,Yes,Gowri Shankaram Necklace-Kirtimukha,,,
 PCD19981204_4467_IMG0028.tif,N/A,2002.45,"Prancing Horse 1st-3rd century Earthenware with traces of pigment 42 x 36 1/2 x 11 1/2 in. (106.68 x 92.71 x 29.21 cm) Origin: China, Asia Gift of Ruth and Bruce Dayton, 98.19",© 2014 Minneapolis Institute of Arts,,,,Yes,Yes,Yes,Celestial Horse (Open Mouth),,,
20020201_mia341_2280.tif,N/A,2002.45,"Celestial Horse 1st-2nd century CE, 25-220 Bronze with traces of polychrome 44 7/8 x 34 1/2 x 14 1/2 in. (113.98 x 87.63 x 36.83 cm) (without mount) Origin: China, Asia Gift of Ruth and Bruce Dayton, 2002.45",© 2014 Minneapolis Institute of Arts,,,,Yes,Yes,Yes,Celestial Horse,,,
Krakowcarriagehorsesalpha,2014_TDX_MIAArtStories_100.tif,2002.45,,"By Ealdgyth (Own work) [GFDL (http://www.gnu.org/copyleft/fdl.html) or CC-BY-3.0 (http://creativecommons.org/licenses/by/3.0)], via Wikimedia Commons",http://commons.wikimedia.org/wiki/File:Krakowcarriagehorsesalpha.jpg,,,Yes,Yes,Yes,Celestial Horse (Harnesses),,,
121108_mia337_1445.jpg,,2002.45,"Chariot 1 Qin dynasty (221–206 BCE) Bronze, gold, and silver, H. 160 cm (63 in), W. 185 cm (72 13/16 in), L. 265 cm (104 5/16 in) Excavated from the Bronze Chariot Pit, Qin Shihuang tomb complex, 1980 Qin Shihuang Terracotta Warriors and Horses Museum, Shaanxi qy2012-1 China’s Terracotta Warriors: The First Emperor’s Legacy, Minneapolis Institute of Arts, 2012, p. 293, pl. 122",© 2014 Minneapolis Institute of Arts,,,,No,No,No,Installation shot-Josh can you please edit this image? I will need just the chariot/horses cropped into a new image. Thank you so much! RR 1/12/15,,,
PCD19981204_4467_IMG0026.tif,,2002.45,"Equestrian Figure 2nd century B.C. Artist Unknown (China, Asia) Earthenware with traces of pigment ; The Ethel Morrison Van Derlip Fund 94.1a-c",© 2014 Minneapolis Institute of Arts,,,,No,No,No,Late addition needed in WP,,,
Fergana_Valley_map-de.svg,2014_TDX_MIAArtStories_375.tif,2002.45,The Fergana region in present-day Uzbekistan. ,"By Uwe Dedering (Own work) [CC BY-SA 3.0 (http://creativecommons.org/licenses/by-sa/3.0) or GFDL (http://www.gnu.org/copyleft/fdl.html)], via Wikimedia Commons",http://commons.wikimedia.org/wiki/File:Fergana_Valley_map-de.svg,,,Yes,Yes,Yes,"Late addition needed in WP

Jlynn downloaded on Jan 17, 2015",,,
Horse_Laiyuanliu,2014_TDX_MIAArtStories_376.tif,2002.45,"Giuseppe Castiglione - National Palace Museum in Taipei; This painting is one of Giuseppe Castiglione's Afghan Four Steeds, features a horse named Laiyuanliu (徕远骝, literally Far-flung Bay).","Giuseppe Castiglione [Public domain], via Wikimedia Commons",http://upload.wikimedia.org/wikipedia/commons/9/9b/Horse_Laiyuanliu.jpg,,,Yes,Yes,Yes,"Late addition needed in WP

Jlynn downloaded on Jan 17, 2015",,,
Polo_pony_taped,2014_TDX_MIAArtStories_103.tif,2002.45,,"By derivative work: Una Smith (talk) Polo_070922_16.jpg: own work (Polo_070922_16.jpg) [CC-BY-SA-3.0-2.5-2.0-1.0 (http://creativecommons.org/licenses/by-sa/3.0) or GFDL (http://www.gnu.org/copyleft/fdl.html)], via Wikimedia Commons",http://commons.wikimedia.org/wiki/File:Polo_pony_taped.jpg,,,Yes,Yes,Yes,Celestial Horse (Stylized Tail),,,
mia_2017256.tif,N/A,2002.45,"Alexander the Great Battling the Zangi Page from the Shah Nama 16th century, c. 1550 Gold, colors, and ink on paper Origin: Persia (Iran), Middle East, Asia Bequest of Mrs. Margaret McMillan Webber in memory of her mother, Katherine Kittredge McMillan, 51.37.29",© 2014 Minneapolis Institute of Arts,,,,Yes,Yes,Yes,Celestial Horse (Heavenly Horses),,,
ZhangQianTravels.jpg,2014_TDX_MIAArtStories_305.tif,2002.45,"Emperor Wu dispatching Zhang Qian to Central Asia from 138 to 126 BCE, mural in the Mogao Caves, Dunhuang, 618–712 CE.","By PHG (copied from en wp) [Public domain], via Wikimedia Commons",http://en.wikipedia.org/wiki/Emperor_Wu_of_Han,,,Yes,Yes,Yes,"Josh downloaded image on January 4, 2014. - Jlynn",,,
"Flying_Horse,_East_Han_Dynasty.Bronze._Gansu_Provincial_Museum.jpg",2014_TDX_MIAArtStories_304.tif,2002.45,"“Flying Horse”, one foot resting on a Swallow. Eastern Han Dynasty, 25-220 BCE; bronze, excavated at Wuwei, Gansu Province, China; Gansu Provincial Museum.","By own work (L'art chinois. Danielle Elisseeff. 2007) [Public domain], via Wikimedia Commons","http://commons.wikimedia.org/wiki/File:Flying_Horse,_East_Han_Dynasty.Bronze._Gansu_Provincial_Museum.jpg",,,Yes,Yes,Yes,"Josh downloaded image on January 4, 2014. - Jlynn",,,
20001227_mia341_4933.tif,N/A,2012.34,"Dish with Foliated Rim 12th century Ting ware White porcelain with moulded relief décor under clear glaze 1 x 8 1/2 in. (2.5 x 21.59 cm) Origin: China, Asia Gift of Ruth and Bruce Dayton, 2000.209.2",© 2014 Minneapolis Institute of Arts,,,,Yes,Yes,Yes,Dish (Foliate Rim),,,
Chibi,2014_TDX_MIAArtStories_098.tif,2012.34,,"""Chibi"" by User Jie on en.wikipedia - Originally from en.wikipedia; description page is (was) here08:26, 29 August 2004 Jie 416x350 (24,260 bytes) (Photo of the traditional site of Chibi, north of Wulin, taken in 2003.). Licensed under Creative Commons Attribution-Share Alike 3.0 via Wikimedia Commons - http://commons.wikimedia.org/wiki/File:Chibi.jpg#mediaviewer/File:Chibi.jpg",http://en.wikipedia.org/wiki/Battle_of_Red_Cliffs#mediaviewer/File:Chibi.jpg,,,Yes,Yes,Yes,Dish (The Red Cliff),,,
Redcliffposter,2014_TDX_MIAArtStories_108.tif,2012.34,,"""Redcliffposter"" by Derived from a digital capture (photo/scan) of the Film Poster/VHS or DVD Cover (creator of this digital version is irrelevant as the copyright in all equivalent images is still held by the same party). Copyright held by the film company or the artist. Claimed as fair use regardless.. Licensed under Fair use of copyrighted material in the context of Red Cliff (film) via Wikipedia - http://en.wikipedia.org/wiki/File:Redcliffposter.jpg#mediaviewer/File:Redcliffposter.jpg",,,,Yes,Yes,Yes,Dish (Scenes of the Red Cliff),,,
Su_Shi,2014_TDX_MIAArtStories_110.tif,2012.34,," Portrait of Su Shi, from WanxiaoTang huazhuan (Pictorial biography of great Chinese) by Shangguan Zhou (b. 1665), published in 1743. {{PD-old-70}}",http://commons.wikimedia.org/wiki/File:Su_Shi.jpg,,,Yes,Yes,Yes,Dish (Su Shi (1037-1101)),,,
White-Rabbit-making-elixir-of-immortality,2014_TDX_MIAArtStories_112.tif,2012.34,,"An 18th-century embroidered Chinese emperor's robe. Reproduced in: Anthony Christie, ""Chinese Mythology"", 1983, p. 63, {{PD-old-70}}",http://en.wikipedia.org/wiki/File:White-Rabbit-making-elixir-of-immortality.jpg,,,Yes,Yes,Yes,Dish (Mythical Moon Rabbit),,,
mia_38944a.tif,N/A,2012.34,"hanging scroll Red Cliff Komai Genki 18th century Ink and color on paper 76 x 24 1/4 in. (193.04 x 61.6 cm) Origin: Japan, Asia Bequest of Louis W. Hill, Jr., 96.146.17",© 2014 Minneapolis Institute of Arts,,,,Yes,Yes,Yes,Dish (Scenes of the Red Cliff),,,
mia_6002945.tif,N/A,2012.34,"Silver plate decorated with chased “Red Cliff” scene, 13th century, Silver, 7/8 x 10 5/16 x 10 5/16 in. (2.22 x 26.19 x 26.19 cm)
Origin: China, Asia,Gift of Ruth and Bruce Dayton, 2012.34",© 2014 Minneapolis Institute of Arts,,,,Yes,Yes,Yes,Dish,,,
mia_6002945.tif (CROP in WordPress),N/A,2012.34,"Silver plate decorated with chased “Red Cliff” scene, 13th century, Silver, 7/8 x 10 5/16 x 10 5/16 in. (2.22 x 26.19 x 26.19 cm)
Origin: China, Asia,Gift of Ruth and Bruce Dayton, 2012.34",© 2014 Minneapolis Institute of Arts,,,,Yes,Yes,Yes,Dish (The Odes to the Red Cliff),,,
49-79_LiSong-TheRed Cliff_front,NEED IMAGE,2012.34,"Li Song, Chinese (active 1190-1230). The Red Cliff (Second Excursion), Southern Song Dynasty (1127- 1279). Album leaf mounted as a hanging scroll: ink and slight color on silk, 9 3⁄4 x 10 1⁄4 inches (24.8 x 26 cm). The Nelson-Atkins Museum of Art, Kansas City, Missouri. Purchase: William Rockhill Nelson Trust, 49-79. Photo: Jamison Miller","Li Song, Chinese (active 1190-1230). The Red Cliff (Second Excursion), Southern Song Dynasty (1127- 1279). Album leaf mounted as a hanging scroll: ink and slight color on silk, 9 3⁄4 x 10 1⁄4 inches (24.8 x 26 cm). The Nelson-Atkins Museum of Art, Kansas City, Missouri. Purchase: William Rockhill Nelson Trust, 49-79. Photo: Jamison Miller",Nelson and Atkins Museum of Art,"Roma sent image request via website 10/2/2014, Nelson Atkins responded that they will get back to us by Nov 21st",,No,No,No,Dish (Scenes of the Red Cliff)      V:\CURATORIAL\TEMP TDX Image folder,,,
mia_6019655.tif,N/A,2012.34,"The Red Cliff Qian Du 19th century, 1813 Ink and colors on silk 35 3/4 x 10 3/8 in. (90.81 x 26.35 cm) (image) Origin: China, Asia Gift of funds from Joan Wurtele, 95.3.2",© 2014 Minneapolis Institute of Arts,,,,Yes,Yes,Yes,Dish (Scenes of the Red Cliff),,,
100719_mia341_152947.jpg,N/A,92.103.13,"Traveling in Autumn Mountains 17th-18th century Grayish white nephrite with brown markings 8 1/4 in. (20.96 cm) Origin: China, Asia The John R. Van Derlip Fund and Gift of the Thomas Barlow Walker Foundation, 92.103.15",© 2014 Minneapolis Institute of Arts,,,,Yes,Yes,Yes,Jade Mountain (types of Jade mountain),,,
Conquest_of_the_defence_tower_at_the_Luobowa_mountain,2014_TDX_MIAArtStories_099.tif,92.103.13," ""Conquest of the defence tower at the Luobowa mountain"", a scene of the Jinchuan Campaign 1771-1776","By A collaboration between Chinese and European painters. The Jesuit missionaries involved in producing the drawings in China were Giuseppe Castiglione, Jean-Denis Attiret, Ignace Sichelbart and Jean Damascene. The engravings were executed in Paris under the direction of Charles-Nicolas Cochin of the Académie Royal at the Court of Louis XVI and the individual engravers include Le Bas, Aliamet, Prevot, Saint-Aubin, Masquelier, Choffard, and Launay. (http://www.battle-of-qurman.com.cn/e/hist.htm) [Public domain], via Wikimedia Commons",http://commons.wikimedia.org/wiki/File:Conquest_of_the_defence_tower_at_the_Luobowa_mountain.jpg,,,Yes,Yes,Yes,Qianglong Page 4,,,
LantingXu.jpg,2014_TDX_MIAArtStories_101.tif,92.103.13,"A copy of Wang Xizhi’s Lanting jixu by Feng Chengsu (617-672), collection of the Palace Museum, Beijing [Public domain], via Wikimedia Commons","Feng Chengsu (馮承素) [Public domain], via Wikimedia Commons",http://commons.wikimedia.org/wiki/File:LantingXu.jpg,,,Yes,Yes,Yes,Jade Mountain (inscription),,,
Li_Gonglin-Mountain_Villa,2014_TDX_MIAArtStories_102.tif,92.103.13,"Li Gonglin, Mountain Villa","""Li Gonglin-Mountain Villa"" by Li Gonglin - http://tech2.npm.gov.tw/sung/html/graphic/c_t2_1_b17.htm. Licensed under Public domain via Wikimedia Commons - http://commons.wikimedia.org/wiki/File:Li_Gonglin-Mountain_Villa.jpg#mediaviewer/File:Li_Gonglin-Mountain_Villa.jpg",http://en.wikipedia.org/wiki/Li_Gonglin#mediaviewer/File:Li_Gonglin-Mountain_Villa.jpg,,,Yes,Yes,Yes,Dish- Li Gonglin Mountain Villa    This image is for 'annotations' and will need the ability to either be zoomed in or to be cropped to a detail shot. Talk to Kjell about this pls. Thanks! RR 1/12/15,,,
Qianlong_Emperor,2014_TDX_MIAArtStories_104.tif,92.103.13,"Part of the painting Qianlong Emperor and His Consorts, Qing Dynasty, Giuseppe Castiglione [Public domain], via Wikimedia Commons","Giuseppe Castiglione [Public domain], via Wikimedia Commons",http://commons.wikimedia.org/wiki/File:Qianlong_Emperor.jpg,,,Yes,Yes,Yes,"Jade Mountain (Qianlong Emperor), http://commons.wikimedia.org/wiki/File:Qianlong_Emperor.jpg",,,
Qianlong11,2014_TDX_MIAArtStories_105.tif,92.103.13,"Giuseppe Castiglione [Public domain], via Wikimedia Commons",,http://commons.wikimedia.org/wiki/File:Qianlong11.jpg  ,,,Yes,Yes,Yes,Qianlong story: Qianlong in his studies],,,
Reconquer_the_little_Goldstreamland,2014_TDX_MIAArtStories_107.tif,92.103.13,"By A collaboration between Chinese and European painters. The Jesuit missionaries involved in producing the drawings in China were Giuseppe Castiglione, Jean-Denis Attiret, Ignace Sichelbart and Jean Damascene. The engravings were executed in Paris under the direction of Charles-Nicolas Cochin of the Académie Royal at the Court of Louis XVI and the individual engravers include Le Bas, Aliamet, Prevot, Saint-Aubin, Masquelier, Choffard, and Launay. (http://www.battle-of-qurman.com.cn/e/hist.htm) [Public domain], via Wikimedia Commons",,http://commons.wikimedia.org/wiki/File:Reconquer_the_little_Goldstreamland.jpg ,,,Yes,Yes,Yes,Qianglong Page 4,,,
Shi_Jing,2014_TDX_MIAArtStories_109.tif,92.103.13,"The first song of the Classic of Poetry, handwritten by the Qianlong Emperor, with accompanying painting {{PD-old-70}}",,http://commons.wikimedia.org/wiki/File:Shi_Jing.jpg,,,Yes,Yes,Yes,"Qianlong Story: [Caption: The first song of the Classic of Poetry, handwritten by the Qianlong Emperor, with accompanying painting.]",,,
The_Qianlong_Emperor_Viewing_Paintings,2014_TDX_MIAArtStories_111.tif,92.103.13,"By Lang Shining and Ding Guanpeng [Public domain], via Wikimedia Commons",,http://commons.wikimedia.org/wiki/File:The_Qianlong_Emperor_Viewing_Paintings.jpg ,,,Yes,Yes,Yes,Qianlong Story: [Caption: Emperor Qianlong viewing paintings.  By Giuseppe Castiglione.] ,,,
mia_1004284.tif,N/A,92.103.13,"Jade Mountain Illustrating the Gathering of Scholars at the Lanting Pavillion Unknown 18th century, Qianlong reign 1736-95, 1784 Light green jade 22 1/2 × 38 3/8 in., 640 lb. (57.15 × 97.47 × 290.3 cm) Origin: China, Asia The John R. Van Derlip Fund and Gift of the Thomas Barlow Walker Foundation",© 2014 Minneapolis Institute of Arts,,,,Yes,Yes,Yes,"Jade Mountain

Use new photography? - Jlynn",,,
mia_1004300.tif,N/A,92.103.13,"(detail) Jade Mountain Illustrating the Gathering of Scholars at the Lanting Pavillion Unknown 18th century, Qianlong reign 1736-95, 1784 Light green jade 22 1/2 × 38 3/8 in., 640 lb. (57.15 × 97.47 × 290.3 cm) Origin: China, Asia The John R. Van Derlip Fund and Gift of the Thomas Barlow Walker Foundation",© 2014 Minneapolis Institute of Arts,,,,Yes,Yes,Yes,"Jade Mountain (3D landscape)

Use new photography? - Jlynn",,,
mia_6018002.tif,N/A,92.103.13,"(detail) Jade Mountain Illustrating the Gathering of Scholars at the Lanting Pavillion Unknown 18th century, Qianlong reign 1736-95, 1784 Light green jade 22 1/2 × 38 3/8 in., 640 lb. (57.15 × 97.47 × 290.3 cm) Origin: China, Asia The John R. Van Derlip Fund and Gift of the Thomas Barlow Walker Foundation",© 2014 Minneapolis Institute of Arts,,,,Yes,Yes,Yes,Jade Mountain (the scene of gathering),,,
mia_6018006.tif,N/A,92.103.13,"(detail) Jade Mountain Illustrating the Gathering of Scholars at the Lanting Pavillion Unknown 18th century, Qianlong reign 1736-95, 1784 Light green jade 22 1/2 × 38 3/8 in., 640 lb. (57.15 × 97.47 × 290.3 cm) Origin: China, Asia The John R. Van Derlip Fund and Gift of the Thomas Barlow Walker Foundation",© 2014 Minneapolis Institute of Arts,,,,Yes,Yes,Yes,Jade Mountain (inscription),,,
met gulshan,2014_TDX_MIAArtStories_182.tif,92.103.13,"""Fairies Descend to the Chamber of Prince Manohar"", Folio from a Gulshan-i 'Ishq (Rose Garden of Love)  ca. 1700, India, Deccan, Ink, opaque watercolor, gold, and silver on paper, H. 8 3/4 in. (22.3 cm); W. 5 5/8 in. (14.4 cm), The Metropolitain Museum of Art, Purchase, Friends of Islamic Art Gifts, 2011, 2011.183",The Metropolitain Museum of Art,http://www.metmuseum.org/collection/the-collection-online/search/457728,,,Yes,Yes,Yes,Raja Bikram ,,,
,NEED IMAGE,92.103.13,"The Gathering at Orchid Pavilion You Qiu 16th century, 1581 Ink on silk 151-7/8 x 10-7/8 in. (385.8 x 27.6 cm) Origin: China, Asia Gift of Ruth and Bruce Dayton, 2002.4.2",© 2014 Minneapolis Institute of Arts,,,,No,No,No,"Jade Mountain (3D landscape)

New photography in MediaBin. Needs stitching in Photoshop? - Jlynn                      Yes, this will need to be stitched.",,,
mia_29516a.tif,N/A,92.132.1,"Gowri Shankaram Necklace
early 19th century
Artist Unknown
India, Asia
Rudraksha berries, gold, rubies, and garnets
L.17-1/2 x W.(at widest point in pendant) 4-3/8 x D.1-5/8 in.",© 2014 Minneapolis Institute of Arts,,,,Yes,Yes,Yes,Gowri Shankaram Necklace,,,
1945-65-22pg103.tif,2014_TDX_MIAArtStories_062.tif,95.4.2,"Gulshan-i 'Ishq (Rose Garden of Love) Artist/maker unknown, India India, 1743 Opaque watercolor, gold, and ink on paper; leather binding with embossed gilding, 14 × 10 × 2 3/8 inches (35.6 × 25.4 × 6 cm) Philadelphia Museum of Art: The Philip S. Collins Collection, gift of Mrs. Philip S. Collins in memory of her husband, 1945",The Philadelphia Museum of Art,http://www.philamuseum.org/collections/permanent/49733.html?mulR=1679053145|1,Giema.Tsakuginow@philamuseum.org,,Yes,Yes,Yes,"Raja Bikram (Roma emailed request 9/5/2014, follow up email 10/1/2014)",,,
PCD19990514_0035_IMG0030.tif,PCD19990514_0035_IMG0030.tif,95.4.2,"Raja Bikram Collecting the Clothes of the Bathing Fairies Folio from a Gulshan-i 'Ishq (Rose Garden of Love) Manuscript Nusrati of Bijapur early 18th century, ca. 1710 Opaque watercolors and gold on paper 15 1/4 x 8 7/8 in. (38.74 x 22.54 cm) (sheet) Origin: Probably Hyderabad, Andhra Pradesh, India, Asia The Katherine Kittredge McMillan Memorial Fund",© 2014 Minneapolis Institute of Arts,,,,Yes,Yes,Yes,Raja Bikram ,,,
New photography- Verso,mia_5042228.tif,95.4.2,"(detail) Raja Bikram Collecting the Clothes of the Bathing Fairies Folio from a Gulshan-i 'Ishq (Rose Garden of Love) Manuscript Nusrati of Bijapur early 18th century, ca. 1710 Opaque watercolors and gold on paper 15 1/4 x 8 7/8 in. (38.74 x 22.54 cm) (sheet) Origin: Probably Hyderabad, Andhra Pradesh, India, Asia The Katherine Kittredge McMillan Memorial Fund, 95.4.2",© 2014 Minneapolis Institute of Arts,,,,No,No,No,"Raja Bikram               Josh, I believe you guys already photographed this and I already have the Verso available to me in WP. So I believe these should all be yes's RR 1/9/2015",,,
100625_mia341_155940.jpg,N/A,98.62a-h,"Detail. Figure The Bodhisattva Guanyin Unknown 11th-12th century, late 11th-early 12th century Wood, gesso, and mineral pigments, and gold, Origin: China, Asia Gift of Ruth and Bruce Dayton, 98.62a-h
",© 2014 Minneapolis Institute of Arts,,,,Yes,Yes,Yes,Guanyin (Painted gold),,,
100625_mia341_160043.jpg,N/A,98.62a-h,"Detail. Figure The Bodhisattva Guanyin Unknown 11th-12th century, late 11th-early 12th century Wood, gesso, and mineral pigments, and gold, Origin: China, Asia Gift of Ruth and Bruce Dayton, 98.62a-h
",© 2014 Minneapolis Institute of Arts,,,,Yes,Yes,Yes,Guanyin (Painted gold),,,
100625_mia341_160355.jpg,N/A,98.62a-h,"Detail. Figure The Bodhisattva Guanyin Unknown 11th-12th century, late 11th-early 12th century Wood, gesso, and mineral pigments, and gold, Origin: China, Asia Gift of Ruth and Bruce Dayton, 98.62a-h
",© 2014 Minneapolis Institute of Arts,,,,Yes,Yes,Yes,Guanyin (A gesture of discourse),,,
100625_mia341_160444.jpg,N/A,98.62a-h,"Detail. Figure The Bodhisattva Guanyin Unknown 11th-12th century, late 11th-early 12th century Wood, gesso, and mineral pigments, and gold, Origin: China, Asia Gift of Ruth and Bruce Dayton, 98.62a-h
",© 2014 Minneapolis Institute of Arts,,,,Yes,Yes,Yes,Guanyin (Construction ),,,
100625_mia341_160523.jpg,N/A,98.62a-h,"Detail. Figure The Bodhisattva Guanyin Unknown 11th-12th century, late 11th-early 12th century Wood, gesso, and mineral pigments, and gold, Origin: China, Asia Gift of Ruth and Bruce Dayton, 98.62a-h
",© 2014 Minneapolis Institute of Arts,,,,Yes,Yes,Yes,Guanyin (Construction ),,,
100625_mia341_160614.jpg,N/A,98.62a-h,"Detail. Figure The Bodhisattva Guanyin Unknown 11th-12th century, late 11th-early 12th century Wood, gesso, and mineral pigments, and gold, Origin: China, Asia Gift of Ruth and Bruce Dayton, 98.62a-h
",© 2014 Minneapolis Institute of Arts,,,,Yes,Yes,Yes,Guanyin (A missing crown),,,
100625_mia341_160801.jpg,N/A,98.62a-h,"Detail. Figure The Bodhisattva Guanyin Unknown 11th-12th century, late 11th-early 12th century Wood, gesso, and mineral pigments, and gold, Origin: China, Asia Gift of Ruth and Bruce Dayton, 98.62a-h
",© 2014 Minneapolis Institute of Arts,,,,Yes,Yes,Yes,Guanyin (Adornment),,,
100629_mia341_155807.jpg,N/A,98.62a-h,"Two versions of Bodhisattva Guanyin Ding Guanpeng Qing dynasty (1616-1911), c. 1750 Ink and colors on silk 60 1/2 x 31 15/16 in. (153.67 x 81.12 cm) (image) Origin: China, Asia Gift of Joan Wurtele, 99.171",© 2014 Minneapolis Institute of Arts,,,,Yes,Yes,Yes,Guanying (Answering Cries for Help),,,
100629_mia341_155856.jpg,,,"(detail) Two versions of Bodhisattva Guanyin Ding Guanpeng Qing dynasty (1616-1911), c. 1750 Ink and colors on silk 60 1/2 x 31 15/16 in. (153.67 x 81.12 cm) (image) Origin: China, Asia Gift of Joan Wurtele, 99.171",,,,,No,No,No,"Josh---- WordPress has one detail image of 99.171, however the remaining detail images or the full image wasn't included. Sorry maybe my mistake for not listing all of the individual file names associated with this object.",,,
20011130_mia341_1322.tif,,,"(detail) Two versions of Bodhisattva Guanyin Ding Guanpeng Qing dynasty (1616-1911), c. 1750 Ink and colors on silk 60 1/2 x 31 15/16 in. (153.67 x 81.12 cm) (image) Origin: China, Asia Gift of Joan Wurtele, 99.171",,,,,No,No,No,,,,
20001127_mia341_0667.tif,N/A,98.62a-h,"Standing Buddha 6th century, late 6th century Limestone 45 x 12 3/4 x 9 1/4 in. (114.3 x 32.4 x 23.5 cm) (without mount) Origin: China, Asia Gift of Ruth and Bruce Dayton, 2000.207",© 2014 Minneapolis Institute of Arts,,,,Yes,Yes,Yes,Guanyin (Adornment),,,
20001127_mia341_0667.tif,N/A,98.62a-h,"The Bodhisattva Kuan-yin and Flying Apsaras 12th century Colors on plaster 68 x 48 in. (172.72 x 121.92 cm) Origin: Shansi border (?), Honan Province, China, Asia Gift of C.T. Loo, Inc., 50.41.1",© 2014 Minneapolis Institute of Arts,,,,Yes,Yes,Yes,Guanying (Answering Cries for Help),,,
20020212_mia341_1560.tif,N/A,98.62a-h,"Guanyin on Mt. Potalaka with Sudhana 16th century Ink and colors on silk 50 x 23 in. (127 x 58.42 cm) (image, approximate) Origin: China, Asia Gift of Ruth and Bruce Dayton, 98.81.5",© 2014 Minneapolis Institute of Arts,,,,Yes,Yes,Yes,Guanying (Answering Cries for Help),,,
"Quartz,_Tibet",2014_TDX_MIAArtStories_106.tif,98.62a-h,Quartz,"""Quartz, Tibet"" by JJ Harrison (jjharrison89@facebook.com) - Own work. Licensed under Creative Commons Attribution-Share Alike 2.5 via Wikimedia Commons - http://commons.wikimedia.org/wiki/File:Quartz,_Tibet.jpg#mediaviewer/File:Quartz,_Tibet.jpg","http://en.wikipedia.org/wiki/Quartz#mediaviewer/File:Quartz,_Tibet.jpg",,,Yes,Yes,Yes,Guanyin (Crystal eyes),,,
mia_38270a.tif,N/A,98.62a-h,"Flying Apsaras 12th century Fresco 16 3/4 x 23 in. (42.5 x 58.4 cm) Origin: Shansi border (?), Honan Province, China, Asia Gift of C.T. Loo, Inc., 50.41.3",© 2014 Minneapolis Institute of Arts,,,,Yes,Yes,Yes,Guanying (Answering Cries for Help),,,
mia_38272a.tif,N/A,98.62a-h,"Flying Apsaras 12th century Fresco 23 3/4 x 24 3/4 in. (60.3 x 62.9 cm) Origin: Shansi border (?), Honan Province, China, Asia Gift of C.T. Loo, Inc., 50.41.2",© 2014 Minneapolis Institute of Arts,,,,Yes,Yes,Yes,Guanying (Answering Cries for Help),,,
PCD20010510_3920_IMG0036.tif,N/A,98.62a-h,"Figure The Bodhisattva Guanyin Unknown 11th-12th century, late 11th-early 12th century Wood, gesso, and mineral pigments, and gold, Origin: China, Asia Gift of Ruth and Bruce Dayton, 98.62a-h",© 2014 Minneapolis Institute of Arts,,,,Yes,Yes,Yes,Guanyin,,,
PCD19981214_3659_IMG0020.tif,N/A,98.62a-h,"Brush Rest 18th century Natural crystal, wood 3 1/16 x 5 7/16 x 2 1/8 in. (7.78 x 13.81 x 5.4 cm) Origin: China, Asia Gift of Ruth and Bruce Dayton, 98.171.2a,b",© 2014 Minneapolis Institute of Arts,,,,Yes,Yes,Yes,Guanyin- crystal,,,
mia_38268a.tif,N/A,98.62a-h,"The Bodhisattva Guanyin and Flying Apsaras 12th century Colors on plaster 68 x 48 in. (172.72 x 121.92 cm) Origin: Shansi border (?), Honan Province, China, Asia Gift of C.T. Loo, Inc., 50.41.1",© 2014 Minneapolis Institute of Arts,,,,Yes,Yes,Yes,Guanyin story 1,,,
mia_38272a.tif,N/A,98.62a-h,"Flying Apsaras 12th century Fresco 23 3/4 x 24 3/4 in. (60.3 x 62.9 cm) Origin: Shanxi border (?), Henan Province, China, Asia Gift of C.T. Loo, Inc., 50.41.2",© 2014 Minneapolis Institute of Arts,,,,Yes,Yes,Yes,Guanyin story 1,,,
mia_38270a.tif,N/A,98.62a-h,"Flying Apsaras 12th century Fresco 16 3/4 x 23 in. (42.5 x 58.4 cm) Origin: Shanxi border (?), Henan Province, China, Asia Gift of C.T. Loo, Inc., 50.41.3",© 2014 Minneapolis Institute of Arts,,,,Yes,Yes,Yes,Guanyin story 1,,,
"NEED IMAGE-- This is not an image, this is a video. RR 1/9/2015 which was sent your way already",,,"Dance
","Piece: Shankara Sri Giri, a composition by Sri Swathi Tirunal Choreography by Alarmél Valli, Chennai India Dancer: Ashwini Ramaswamy, Ragamala Dance Company Date: October 5, 2014, Northrop Auditorium, Minneapolis. Video by Caitlin Hammel",Ragamala,Ashwini Ramaswamy <ashwini781@gmail.com>,,No,No,No,Shiva Nataraja- dance,,,

