Original File Name,Renamed File Name,Associated MIA Object,Object Credit / Description,Photo Credit,Dawn's sort ,Image Source,Contact Info,Permissions,Image Received & QC'd,Image Pass QC,Image Ready for Release,Additional Notes
mia_6018801.tif,N/A,70.60,"Raffaelo Monti, Italian, 1818-81
Veiled Lady, c. 1860
Marble
21 1/2 in.
The Collectors' Group Fund, 70.60",© 2014 Minneapolis Institute of Arts,1,,,,Yes,Yes,Yes,Author: Tim Gihring
mia_6018875.tif,N/A,70.60,"Raffaelo Monti, Italian, 1818-81
Veiled Lady, c. 1860
Marble
21 1/2 in.
The Collectors' Group Fund, 70.60",© 2014 Minneapolis Institute of Arts,2,,,,Yes,Yes,Yes,Close-up on face
mia_6018888.tif,N/A,70.60,"Raffaelo Monti, Italian, 1818-81
Veiled Lady, c. 1860
Marble
21 1/2 in.
The Collectors' Group Fund, 70.60",© 2014 Minneapolis Institute of Arts,3,,,,Yes,Yes,Yes,Extreme close-up of nose
mia_6018868.tif,N/A,70.60,"Raffaelo Monti, Italian, 1818-81
Veiled Lady, c. 1860
Marble
21 1/2 in.
The Collectors' Group Fund, 70.60",© 2014 Minneapolis Institute of Arts,4,,,,Yes,Yes,Yes,Close-up of wreath
"mia_6018803.tif
",N/A,70.60,"Raffaelo Monti, Italian, 1818-81
Veiled Lady, c. 1860
Marble
21 1/2 in.
The Collectors' Group Fund, 70.60",© 2014 Minneapolis Institute of Arts,5,,,,Yes,Yes,Yes,"Close-up of eyes

crop image for eyes"
Screen Shot 2014-09-24 at 2.32.14 PM.png,2014_TDX_MIAArtStories_004.tif,70.60,"Keira Knightley in Pride & Prejudice with a sculpture of a Veiled Vestal, 1846, by Rafaele Monti, as many of the marbles at Chatsworth, a work commissioned by the 6th Duke of Devonshire.",,6,https://www.youtube.com/watch?v=-yj__ZLXrXk&feature=youtu.be,You Tube,,Yes,Yes,Yes,
1.tif,2014_TDX_MIAArtStories_001.tif,70.60,"Giuseppe Sammartino, Italian, 1720-93
Veiled Christ, 1753
Marble




","Museo Cappella Sansevero in Naples, Italy",7,http://www.museosansevero.it/en,Getty images,"Dawn emailed 09/17/14
Dawn returned their form 9/22/14
Dawn sent Josh link to images 09/24/14",Yes,Yes,Yes,
7.tif,2014_TDX_MIAArtStories_002.tif,70.60," 
Antonio Corradini, Italian, 1688-1752
Modesty, 1752
Marble


","Museo Cappella Sansevero in Naples, Italy",8,http://www.museosansevero.it/en,"Museo Cappella Sansevero
Via Francesco De Sanctis, 19/21
80134 – Napoli
Ph./Fax +39 081 5518470
Ph. ticket office +39 081 5524936
info@museosansevero.it","Dawn emailed 09/17/14
Dawn returned their form 9/22/14
Dawn sent Josh link to images 09/24/14",Yes,Yes,Yes,
16.tif,2014_TDX_MIAArtStories_003.tif,70.60,"Francesco Queirolo, Italian, 1704-62 
Disillusion, 1753-54 
Marble

","Museo Cappella Sansevero in Naples, Italy",9,"http://www.museosansevero.it/en


","Museo Cappella Sansevero
Via Francesco De Sanctis, 19/21
80134 – Napoli
Ph./Fax +39 081 5518470
Ph. ticket office +39 081 5524936
info@museosansevero.it","Dawn emailed 09/17/14
Dawn returned their form 9/22/14
Dawn sent Josh link to images 09/24/14",Yes,Yes,Yes,
mia_6001607.tif,N/A,2012.11,"Attributed to William Howard, American, born Africa about 1805, active until c. 1870
Writing desk, c. 1870
Yellow pine, tobacco box and cotton crate wood
60 3/4 x 29 7/8 x 23 11/16 in.
The Driscoll Art Accessions Endowment Fund, the John and Ruth Huss Fund for
Decorative Arts, the Fred R. Salisbury II Fund, and the Deborah Davenport and
Stewart Stender Endowment for American Folk Art, 2012.11

",© 2014 Minneapolis Institute of Arts,10,,,,Yes,Yes,Yes,"Bottom view
Author: Paige Patet"
mia_6001587.tif,N/A,2012.11,"Attributed to William Howard, American, born Africa about 1805, active until c. 1870
Writing desk, c. 1870
Yellow pine, tobacco box and cotton crate wood
60 3/4 x 29 7/8 x 23 11/16 in.
The Driscoll Art Accessions Endowment Fund, the John and Ruth Huss Fund for
Decorative Arts, the Fred R. Salisbury II Fund, and the Deborah Davenport and
Stewart Stender Endowment for American Folk Art, 2012.11

",© 2014 Minneapolis Institute of Arts,11,,,,Yes,Yes,Yes,"Interior compartments
Author: Paige Patet"
bull-durham-sign-1-1325548519,2014_TDX_MIAArtStories_234.tif,2012.11,Durham smoking tobacco bull paper advertisment.,,12,http://www.backintimetradingpost.com/products/durham-smoking-tobacco-bull-paper-advertising-sign.html,,,Yes,Yes,Yes,
DentilsCloseupWestportCTTownHall09302007.jpg,2014_TDX_MIAArtStories_133.tif,2012.11,"Westport, Connecticut TownHall 
Dentils (detail).",,13,"http://commons.wikimedia.org/wiki/File:DentilsCloseupWestportCTTownHall09302007.jpg

",,,Yes,Yes,Yes,
"69-11-C_Powder_Flask,_USNYW_(5476583626).jpg",2014_TDX_MIAArtStories_118.tif,2012.11,"Made at Navy Yard Washington
Powder Flask, USNYW
10 x 4 ¾ 
Collection of Curator Branch, Naval History and Heritage Command
69-11-C Powder Horn ,USNYW 

",,14,"http://commons.wikimedia.org/wiki/File:69-11-C_Powder_Flask,_USNYW_%285476583626%29.jpg",,,Yes,Yes,Yes,
Weaving_shuttle_0027.jpg,2014_TDX_MIAArtStories_153.tif,2012.11,"Boat shuttle.
",,15,"http://commons.wikimedia.org/wiki/File:Weaving_shuttle_0027.jpg

",,,Yes,Yes,Yes,
1b.jpg,2014_TDX_MIAArtStories_113.tif,2012.11,Balancing scale.,,16,http://seelowprices.com/2011/01/28/28528163/1b.jpg ,,,Yes,Yes,Yes,zoom in on balancing scale
Greene_Co_Ga1941_Delano.jpg,2014_TDX_MIAArtStories_139.tif,2012.11,"Farm Security Administration photo: chopping cotton Greene County Georga 1941
LC-USF351-599 FSA/OWI Collection Prints and Photographs Division Library of Congress",,17,http://en.wikipedia.org/wiki/File:Greene_Co_Ga1941_Delano.jpg,,,Yes,Yes,Yes,
mia_6001602.tif,N/A,2012.11,"Attributed to William Howard, American, born Africa about 1805, active until c. 1870
Writing desk, c. 1870
Yellow pine, tobacco box and cotton crate wood
60 3/4 x 29 7/8 x 23 11/16 in.
The Driscoll Art Accessions Endowment Fund, the John and Ruth Huss Fund for
Decorative Arts, the Fred R. Salisbury II Fund, and the Deborah Davenport and
Stewart Stender Endowment for American Folk Art, 2012.11

",© 2014 Minneapolis Institute of Arts,18,,,,Yes,Yes,Yes,"Back view
Author: Paige Patet"
mia_6001596.tif,N/A,2012.11,"Attributed to William Howard, American, born Africa about 1805, active until c. 1870
Writing desk, c. 1870
Yellow pine, tobacco box and cotton crate wood
60 3/4 x 29 7/8 x 23 11/16 in.
The Driscoll Art Accessions Endowment Fund, the John and Ruth Huss Fund for
Decorative Arts, the Fred R. Salisbury II Fund, and the Deborah Davenport and
Stewart Stender Endowment for American Folk Art, 2012.11

",© 2014 Minneapolis Institute of Arts,19,,,,Yes,Yes,Yes,"Front view with door open
Author: Paige Patet"
Governor_William_McWillie.jpg,2014_TDX_MIAArtStories_138.tif,2012.11,"Governor William McWillie
of Mississippi, c.1840.",,20,http://commons.wikimedia.org/wiki/File:Governor_William_McWillie.jpg ,,,Yes,Yes,Yes,
"mia_6001592.tif
",N/A,2012.11,"Attributed to William Howard, American, born Africa about 1805, active until c. 1870
Writing desk, c. 1870
Yellow pine, tobacco box and cotton crate wood
60 3/4 x 29 7/8 x 23 11/16 in.
The Driscoll Art Accessions Endowment Fund, the John and Ruth Huss Fund for
Decorative Arts, the Fred R. Salisbury II Fund, and the Deborah Davenport and
Stewart Stender Endowment for American Folk Art, 2012.11

",© 2014 Minneapolis Institute of Arts,21,,,,Yes,Yes,Yes,"Author: Paige Patet

overall main view"
13126v.jpg,2014_TDX_MIAArtStories_124.tif,2012.11,"Kirkwood Plantation probably looked quite like Dunleith, this well-preserved Greek-Revival
plantation near Natchez, Mississippi. ","Photo from the Carol M. Highsmith Archive, Library of Congress, Prints
and Photographs Division",21,http://www.loc.gov/pictures/resource/highsm.13126/?co=highsm,,,Yes,Yes,Yes,
"120727_mia329_7928.jpg
",N/A,2012.11,"Tools of the Trade: The William Howard Writing Desk from Kirkwood Plantation
May 19 - July 29, 2012
Cargill Gallery
Minneapolis Institute of Arts

",© 2014 Minneapolis Institute of Arts,21.5,,,,Yes,Yes,Yes,Exhibition view
mia_5005053.tif,N/A,"69.80.1a,b","Vincenzo Coaci, Italian, 1756-94
Inkstand, 1792
Silver, silver gilt, lapis lazuli, and rosso antico marble
28 ½  x 20 ½  x 14 ¾ 
Gift of funds from The Morse Foundation,  69.80.1a,b

",© 2014 Minneapolis Institute of Arts,22,,,,Yes,Yes,Yes,front view
Piranesi-16028.jpg,2014_TDX_MIAArtStories_147.tif,"69.80.1a,b","Giovanni Battista Piranesi, Italian, 1720-78
Veduta della Piazza di Monte Cavallo, mid 18th century
Etching
21 x 30 ¾  

",,23,"

http://commons.wikimedia.org/wiki/File:Piranesi-16028.jpg


",,,Yes,Yes,Yes,
Piazza_di_Monte_Cavallo.jpg,2014_TDX_MIAArtStories_146.tif,"69.80.1a,b","Ippolito Caffi, Italian, 1809-66
Piazza di Monte Cavallo o del Quirinale, Rome 


",Museo di Roma,24,http://en.wikipedia.org/wiki/File:Piazza_di_Monte_Cavallo.jpg,"Museo di Roma  ???
http://en.museodiroma.it/didattica/didattica_per_le_scuole/visite_didattiche_gratuite_per_le_scuole_medie_e_superiori",,Yes,Yes,Yes,
mia_5005067_001.tif,N/A,"69.80.1a,b","Vincenzo Coaci, Italian, 1756-94
Inkstand, 1792
Silver, silver gilt, lapis lazuli, and rosso antico marble
28 ½  x 20 ½  x 14 ¾ 
Gift of funds from The Morse Foundation,  69.80.1a,b

",© 2014 Minneapolis Institute of Arts,25,,,,Yes,Yes,Yes,Inkstand with case
mia_3000212.tif,N/A,"69.80.1a,b","Vincenzo Coaci, Italian, 1756-94
Inkstand, 1792
Silver, silver gilt, lapis lazuli, and rosso antico marble
28 ½  x 20 ½  x 14 ¾ 
Gift of funds from The Morse Foundation,  69.80.1a,b

",© 2014 Minneapolis Institute of Arts,26,,,,Yes,Yes,Yes,inkstand detail
Süleymaniye_Mosque_(8393803091).jpg,2014_TDX_MIAArtStories_148.tif,"69.80.1a,b","Mimar Sinan, Turkish, c. 1489/1490–July 17, 1588
The Süleymaniye Mosque, Istanbul, Turkey 1558",,27,http://upload.wikimedia.org/wikipedia/commons/d/df/S%C3%BCleymaniye_Mosque_%288393803091%29.jpg,,,Yes,Yes,Yes,
mia_3000191.tif ,N/A,"69.80.1a,b","Vincenzo Coaci, Italian, 1756-94
Inkstand, 1792
Silver, silver gilt, lapis lazuli, and rosso antico marble
28 ½  x 20 ½  x 14 ¾ 
Gift of funds from The Morse Foundation,  69.80.1a,b

",© 2014 Minneapolis Institute of Arts,28,,,,Yes,Yes,Yes,Inkstand horse detail
mia_3000189.tif ,N/A,"69.80.1a,b","Vincenzo Coaci, Italian, 1756-94
Inkstand, 1792
Silver, silver gilt, lapis lazuli, and rosso antico marble
28 ½  x 20 ½  x 14 ¾ 
Gift of funds from The Morse Foundation,  69.80.1a,b

",© 2014 Minneapolis Institute of Arts,29,,,,Yes,Yes,Yes,Inkstand horse lid open detail
mia_3000194.tif  ,N/A,"69.80.1a,b","Vincenzo Coaci, Italian, 1756-94
Inkstand, 1792
Silver, silver gilt, lapis lazuli, and rosso antico marble
28 ½  x 20 ½  x 14 ¾ 
Gift of funds from The Morse Foundation,  69.80.1a,b

",© 2014 Minneapolis Institute of Arts,30,,,,Yes,Yes,Yes,Inkstand bird detail
mia_3000201.tif,N/A,"69.80.1a,b","Vincenzo Coaci, Italian, 1756-94
Inkstand, 1792
Silver, silver gilt, lapis lazuli, and rosso antico marble
28 ½  x 20 ½  x 14 ¾ 
Gift of funds from The Morse Foundation,  69.80.1a,b

",© 2014 Minneapolis Institute of Arts,31,,,,Yes,Yes,Yes,Inkstand bird detail
"mia_3000211.tif
",N/A,"69.80.1a,b","Vincenzo Coaci, Italian, 1756-94
Inkstand, 1792
Silver, silver gilt, lapis lazuli, and rosso antico marble
28 ½  x 20 ½  x 14 ¾ 
Gift of funds from The Morse Foundation,  69.80.1a,b

",© 2014 Minneapolis Institute of Arts,32,,,,Yes,Yes,Yes,Inkstand drawer open with cards detail
5050161212820057.jpg,2014_TDX_MIAArtStories_126.tif,"69.80.1a,b","Salvator Rosa
Soldier Holding a Long Sword with Both Hands, from the series Figurine, ca. 1656–57 
Etching With Drypoint
5 ½ x 3 ¾  (image)
Achenbach Foundation for Graphic Arts, 1963.30.37515",Fine Arts Museum of San Francisco,33,"http://art.famsf.org/salvator-rosa/soldier-holding-long-sword-both-hands-series-figurine-19633037515

",Fine Arts Museum of San Francisco,,Yes,Yes,Yes,
"mia_3000200.tif
",N/A,"69.80.1a,b","Vincenzo Coaci, Italian, 1756-94
Inkstand, 1792
Silver, silver gilt, lapis lazuli, and rosso antico marble
28 ½  x 20 ½  x 14 ¾ 
Gift of funds from The Morse Foundation,  69.80.1a,b

",© 2014 Minneapolis Institute of Arts,34,,,,Yes,Yes,Yes,Inkstand drawer open 
mia_3000203.tif,N/A,"69.80.1a,b","Vincenzo Coaci, Italian, 1756-94
Inkstand, 1792
Silver, silver gilt, lapis lazuli, and rosso antico marble
28 ½  x 20 ½  x 14 ¾ 
Gift of funds from The Morse Foundation,  69.80.1a,b

",© 2014 Minneapolis Institute of Arts,35,"
",,,Yes,Yes,Yes,drawer detail of lion & snake
minerva_1.tif,2014_TDX_MIAArtStories_145.tif,"69.80.1a,b","Minerva and her Serpent
L. W. Yaggy and T. L. Haines, Museum of Antiquity (New York: Standard
Publishing House, 1882) 530
Courtesy the private collection of Roy Winkelman


",Florida Center for Instructional Technology,36,"

http://etc.usf.edu/clipart/1600/1636/minerva_1.htm

",http://etc.usf.edu/clipart/info/license,,Yes,Yes,Yes,
mia_3000209.tif,N/A,"69.80.1a,b","Vincenzo Coaci, Italian, 1756-94
Inkstand, 1792
Silver, silver gilt, lapis lazuli, and rosso antico marble
28 ½  x 20 ½  x 14 ¾ 
Gift of funds from The Morse Foundation,  69.80.1a,b

",© 2014 Minneapolis Institute of Arts,37,,,,Yes,Yes,Yes,signature
mia_3000204.tif,N/A,"69.80.1a,b","Vincenzo Coaci, Italian, 1756-94
Inkstand, 1792
Silver, silver gilt, lapis lazuli, and rosso antico marble
28 ½  x 20 ½  x 14 ¾ 
Gift of funds from The Morse Foundation,  69.80.1a,b

",© 2014 Minneapolis Institute of Arts,38,,,,Yes,Yes,Yes,top ornament star
mia_5005053.tif,N/A,"69.80.1a,b","Vincenzo Coaci, Italian, 1756-94
Inkstand, 1792
Silver, silver gilt, lapis lazuli, and rosso antico marble
28 ½  x 20 ½  x 14 ¾ 
Gift of funds from The Morse Foundation,  69.80.1a,b

",© 2014 Minneapolis Institute of Arts,39,,,,Yes,Yes,Yes,overall front view
mia_5005052.tif,N/A,"69.80.1a,b","Vincenzo Coaci, Italian, 1756-94
Inkstand, 1792
Silver, silver gilt, lapis lazuli, and rosso antico marble
28 ½  x 20 ½  x 14 ¾ 
Gift of funds from The Morse Foundation,  69.80.1a,b

",© 2014 Minneapolis Institute of Arts,40,,,,Yes,Yes,Yes,aerial view
mia_5005067_001.tif,N/A,"69.80.1a,b","Vincenzo Coaci, Italian, 1756-94
Inkstand, 1792
Silver, silver gilt, lapis lazuli, and rosso antico marble
28 ½  x 20 ½  x 14 ¾ 
Gift of funds from The Morse Foundation,  69.80.1a,b

",© 2014 Minneapolis Institute of Arts,41,,,,Yes,Yes,Yes,inkstand with case
Umberto_II_Italia.jpg,2014_TDX_MIAArtStories_150.tif,"69.80.1a,b","King of Italy (May 9, 1946–June 12, 1946)
Umberto II, the Prince of Piedmont

",,42,"

http://commons.wikimedia.org/wiki/File:Umberto_II_Italia.jpg

",,,Yes,Yes,Yes,
mia_49930a.tif,N/A,2005.138,"Hans Ledwinka, Austrian, 1878-1967
Ringhoffer-Tatra-Werke AG, Czech Republic, est. 1850
Tatra T87 four-door sedan, 1948 (designed 1936)
All-metal construction
52 x 66 x 192 in.
Gift of funds from Regis Foundation, 2005.138

",© 2014 Minneapolis Institute of Arts,43,,,,Yes,Yes,Yes,side view
mia_49916a.tif,N/A,2005.138,"Hans Ledwinka, Austrian, 1878-1967
Ringhoffer-Tatra-Werke AG, Czech Republic, est. 1850
Tatra T87 four-door sedan, 1948 (designed 1936)
All-metal construction
52 x 66 x 192 in.
Gift of funds from Regis Foundation, 2005.138

",© 2014 Minneapolis Institute of Arts,44,,,,Yes,Yes,Yes,front view
mia_49920a.tif,N/A,2005.138,"Hans Ledwinka, Austrian, 1878-1967
Ringhoffer-Tatra-Werke AG, Czech Republic, est. 1850
Tatra T87 four-door sedan, 1948 (designed 1936)
All-metal construction
52 x 66 x 192 in.
Gift of funds from Regis Foundation, 2005.138

",© 2014 Minneapolis Institute of Arts,45,,,,Yes,Yes,Yes,3/4 view
mia_49956a.tif,N/A,2005.138,"Hans Ledwinka, Austrian, 1878-1967
Ringhoffer-Tatra-Werke AG, Czech Republic, est. 1850
Tatra T87 four-door sedan, 1948 (designed 1936)
All-metal construction
52 x 66 x 192 in.
Gift of funds from Regis Foundation, 2005.138",© 2014 Minneapolis Institute of Arts,46,,,,Yes,Yes,Yes,interior dash board view
"
mia_49950a.tif",N/A,2005.138,"Hans Ledwinka, Austrian, 1878-1967
Ringhoffer-Tatra-Werke AG, Czech Republic, est. 1850
Tatra T87 four-door sedan, 1948 (designed 1936)
All-metal construction
52 x 66 x 192 in.
Gift of funds from Regis Foundation, 2005.138",© 2014 Minneapolis Institute of Arts,46.5,,,,Yes,Yes,Yes,"Back view
Author: Jennifer Olivarez"
mia_49940a.tif,N/A,2005.138,"Hans Ledwinka, Austrian, 1878-1967
Ringhoffer-Tatra-Werke AG, Czech Republic, est. 1850
Tatra T87 four-door sedan, 1948 (designed 1936)
All-metal construction
52 x 66 x 192 in.
Gift of funds from Regis Foundation, 2005.138",© 2014 Minneapolis Institute of Arts,47,,,,Yes,Yes,Yes,Engine view
mia_49958a.tif,N/A,2005.138,"Hans Ledwinka, Austrian, 1878-1967
Ringhoffer-Tatra-Werke AG, Czech Republic, est. 1850
Tatra T87 four-door sedan, 1948 (designed 1936)
All-metal construction
52 x 66 x 192 in.
Gift of funds from Regis Foundation, 2005.138",© 2014 Minneapolis Institute of Arts,48,,,,Yes,Yes,Yes,Tatra logo view
mia_49910a.tif,N/A,2005.138,"Hans Ledwinka, Austrian, 1878-1967
Ringhoffer-Tatra-Werke AG, Czech Republic, est. 1850
Tatra T87 four-door sedan, 1948 (designed 1936)
All-metal construction
52 x 66 x 192 in.
Gift of funds from Regis Foundation, 2005.138",© 2014 Minneapolis Institute of Arts,52,,,,Yes,Yes,Yes,3/4 door open view
141027_mia329_5042099.tif,2014_TDX_MIAArtStories_185.tif,2005.138,"

Published in Ivan Margolius and John G. Henry, Tatra: The Legacy of Hans Ledwinka
(Harrow, Middlesex, England: SAF, 1990), p. 144.

",,53,"MIA book checked out to JKO
10/02/14 VRS req book copy
10/22/14 emailed Ana follow up
1/9/15 Ana provided image",,,Yes,Yes,Yes,
609_tatra-t77-2.jpg,2014_TDX_MIAArtStories_119.tif,2005.138,Tatra T77 (1934).,,54,http://tatra-club.com/gallery_detail.php?id=609,,,Yes,Yes,Yes,
1931-1945-volkswagen_beetle-10.jpg,2014_TDX_MIAArtStories_121.tif,2005.138,"1937 VW Beetle Prototype, with Ferdinand Porsche standing in front.",,55,http://auto.howstuffworks.com/1931-1945-volkswagen-beetle.htm,,,Yes,Yes,Yes,
volkswagen-beetle-most-influential-car-1936-model-header.jpg,2014_TDX_MIAArtStories_151.tif,2005.138,1937 VW Beetle.,,56,http://pricinginsider.carsdirect.com/2012/08/21/the-vw-beetle-biggest-impact-in-automotive-history/,,,Yes,Yes,Yes,
mia_49916a.tif,N/A,2005.138,"Hans Ledwinka, Austrian, 1878-1967
Ringhoffer-Tatra-Werke AG, Czech Republic, est. 1850
Tatra T87 four-door sedan, 1948 (designed 1936)
All-metal construction
52 x 66 x 192 in.
Gift of funds from Regis Foundation, 2005.138",© 2014 Minneapolis Institute of Arts,57,,,,Yes,Yes,Yes,
porsche-beetle-vw30-061609.jpg,2014_TDX_MIAArtStories_227.tif,2005.138,"1937 VW Beetle Prototype, with Ferdinand Porsche standing in front.",,58,http://oneighturbo.com/history/porsche-museum-presents-special-exhibition-of-rare-vw-beetle-prototypes/,,,Yes,Yes,Yes,
mia_49930a.tif,N/A,2005.138,"Hans Ledwinka, Austrian, 1878-1967
Ringhoffer-Tatra-Werke AG, Czech Republic, est. 1850
Tatra T87 four-door sedan, 1948 (designed 1936)
All-metal construction
52 x 66 x 192 in.
Gift of funds from Regis Foundation, 2005.138",© 2014 Minneapolis Institute of Arts,59,,,,Yes,Yes,Yes,side view
04_t158_8p5r46-kopie-.jpg,2014_TDX_MIAArtStories_116.tif,2005.138,2014 Tatra Phoenix.,,60,http://www.tatraphoenix.com/en/photos-and-video/,,,Yes,Yes,Yes,
car-pictures.cars.com.png,2014_TDX_MIAArtStories_131.tif,2005.138,2014 VW Beetle A5.,,61,http://www.cars.com/volkswagen/beetle/2014/snapshot,,,Yes,Yes,Yes,
tatra_t-87_saloon_1947_web1_eb1859e677fe825a1c4fe17a8f587af4.jpg,2014_TDX_MIAArtStories_149.tif,2005.138,The Lane Motor Museum’s 1947 Tatra T87.,,62,http://www.lanemotormuseum.org/collection/cars/item/tatra-t-87-saloon-1947,"10/03 DF emailed contact us:
http://www.lanemotormuseum.org/about/contact-us?skipcache=rsform542ef9139abb3",,Yes,Yes,Yes,
leno-tatra-0511-mdn.jpg,2014_TDX_MIAArtStories_142.tif,2005.138,"Popular Mechanics
Jay Leno's Tatra T87: The High-Mileage Cruiser of the '30s
May 9, 2011",,64,http://www.popularmechanics.com/cm/popularmechanics/images/6r/leno-tatra-0511-mdn.jpg,,,Yes,Yes,Yes,
mia_5017717.tif,N/A,2010.11.1a-c,"Johann Friedrich Baer, French, 1721-1795
Masterpiece cup and cover, 1746
Silver, parcel-gilt inside
14 11/16 x 5 7/8 x 5 1/4 in.
Gift of funds from Mary Agnes and Al McQuinn, 2010.11.1a-c",© 2014 Minneapolis Institute of Arts,67,,,,Yes,Yes,Yes,
mia_1024458.tif,N/A,2010.11.1a-c,Detail Hercules slays the three-headed monster.,© 2014 Minneapolis Institute of Arts,68,,,,Yes,Yes,Yes,
mia_5017633.tif,N/A,2010.11.1a-c,Detail lid illustrating the artist in his studio.,© 2014 Minneapolis Institute of Arts,69,,,,Yes,Yes,Yes,
mia_1024528.tif,N/A,2010.11.1a-c,"Detail Pan, the Greek half-goat/half-human god. ",© 2014 Minneapolis Institute of Arts,70,,,,Yes,Yes,Yes,
mia_1024504.tif,N/A,2010.11.1a-c,Detail battle scene.,© 2014 Minneapolis Institute of Arts,71,,,,Yes,Yes,Yes,
Musée_historique_de_Strasbourg-Duc_de_Lorraine_à_Strasbourg-1744.jpg,2014_TDX_MIAArtStories_225.tif,2010.11.1a-c,"Johann Tobias Sonntag,  German, 1716-74
Duke of Lorraine Crossing the Rhine before Strasbourg, 1744
Oil in canvas
Strasbourg Historical Museum 88.2006.0.286",,72,"http://commons.wikimedia.org/wiki/File:Musée_historique_de_Strasbourg-Duc_de_Lorraine_à_Strasbourg-1744.jpg

","Musee
historique de Strasbourg

Strasbourg Historical Museum",,Yes,Yes,Yes,
mia_1024518.tif,N/A,2010.11.1a-c,Detail inscription at the base of the cup. ,© 2014 Minneapolis Institute of Arts,73,,,,Yes,Yes,Yes,
mia_1024518.tif,N/A,2010.11.1a-c,Detail silver-gilt cup liner.,© 2014 Minneapolis Institute of Arts,74,,,,Yes,Yes,Yes,
Saint_Eligius_in_his_workshop.jpg,2014_TDX_MIAArtStories_228.tif,2010.11.1a-c,"Attributed to Meester van de Bileam 
Heilige Eligius in zijn werkplaats, 1440– 60
Paper
4.5 × 7.25 in.
Rijksmuseum Amsterdam RP-P-OB-963


 ",,75,"http://en.wikipedia.org/wiki/Goldsmith#mediaviewer/File:Saint_Eligius_in_his_workshop.jpg
",Rijksmuseum Amsterdam,,Yes,Yes,Yes,
Saint_Eligius_in_his_workshop.jpg,2014_TDX_MIAArtStories_228_Crop.tif,2010.11.1a-c,"Attributed to Meester van de Bileam 
Heilige Eligius in zijn werkplaats, 1440– 60 (detail)
Paper
4.5 × 7.25 in.
RP-P-OB-963",,76,,,,Yes,Yes,Yes,Josh to create crop of anvil
mia_1024458.tif,N/A,2010.11.1a-c,Detail Hercules slays the three-headed monster. ,© 2014 Minneapolis Institute of Arts,77,,,,Yes,Yes,Yes,
"

mia_1024566.tif

",N/A,2010.11.1a-c,"Johann Friedrich Baer, French, 1721-1795
Masterpiece cup and cover, 1746
Silver, parcel-gilt inside
14 11/16 x 5 7/8 x 5 1/4 in.
Gift of funds from Mary Agnes and Al McQuinn, 2010.11.1a-c",© 2014 Minneapolis Institute of Arts,79,,,,Yes,Yes,Yes,
"

mia_5017595.tif

",N/A,2010.11.1a-c,"Johann Friedrich Baer, French, 1721-1795
Masterpiece cup and cover, 1746
Silver, parcel-gilt inside
14 11/16 x 5 7/8 x 5 1/4 in.
Gift of funds from Mary Agnes and Al McQuinn, 2010.11.1a-c",© 2014 Minneapolis Institute of Arts,80,,,,Yes,Yes,Yes,
mia_5017595.tif,N/A,2010.11.1a-c,"Johann Friedrich Baer, French, 1721-1795
Masterpiece cup and cover, 1746
Silver, parcel-gilt inside
14 11/16 x 5 7/8 x 5 1/4 in.
Gift of funds from Mary Agnes and Al McQuinn, 2010.11.1a-c",© 2014 Minneapolis Institute of Arts,81,,,,Yes,Yes,Yes,
mia_5017595.tif,N/A,2010.11.1a-c,"Johann Friedrich Baer, French, 1721-1795
Masterpiece cup and cover, 1746
Silver, parcel-gilt inside
14 11/16 x 5 7/8 x 5 1/4 in.
Gift of funds from Mary Agnes and Al McQuinn, 2010.11.1a-c",© 2014 Minneapolis Institute of Arts,82,,,,Yes,Yes,Yes,
mia_1024495.tif,N/A,2010.11.1a-c,Detail examples of Baer using multiple techniques. ,© 2014 Minneapolis Institute of Arts,83,,,,Yes,Yes,Yes,
"cropped image:
http://www.otstrasbourg.fr/images/plaquetteCorporation_ang_2013.pdf",2014_TDX_MIAArtStories_226.tif,2010.11.1a-c,Guild images.,,84,http://www.otstrasbourg.fr/images/plaquetteCorporation_ang_2013.pdf,,,Yes,Yes,Yes,
141226_mia329_5043420.tif,141226_mia329_5043420.tif,2010.11.1a-c,"Baer's silver mark or ""hallmark"".","Image captured from Christie’s catalog entry on
Lot 121 (Sale 6727, Important Silver, 11 June 2003, London)",85,"Image captured from Christie’s catalog entry on
Lot 121 (Sale 6727, Important Silver, 11 June 2003, London) 

Copy stand image completed by Ana 1/9/15",,,Yes,Yes,Yes,
mia_5017530.tif,N/A,2010.11.1a-c,"Attributed to Johann Daniel Heimlich, French,1740–96
Portrait of the Silversmith Johann Friedrich Baer, c.1770
Oil on canvas
37 1/2 x 30 in.
Gift of Achim Neuse and Volker Wurster, in association with the purchase of
Baer's Masterpiece Cup and Cover with a gift of funds by Mary Agnes and Al
McQuinn, 2010.11.2",© 2014 Minneapolis Institute of Arts,86,,,,Yes,Yes,Yes,
DP809503.jpg,2014_TDX_MIAArtStories_222.tif,2010.11.1a-c,"Pierre Edmé Babel, French,  1720–75
Study for a Cartouche, mid 18th century
Pen and brown ink, brush and brown and gray wash
15 7/16 x 10 3/8 in. 
Purchase, Anne and Carl Stern Gift, 1957, 57.570


",The Metropolitan Museum of Art,87,"http://www.metmuseum.org/collection/the-collection-online/search/341299

",The Metropolitan Museum of Art,,Yes,Yes,Yes,
Versailles_Plan_Jean_Delagrive.jpg,2014_TDX_MIAArtStories_230.tif,2010.11.1a-c,"Jean Delagrive, French, 1689-1757
Plan de Versailles, 1746
Bibliothèque nationale de France


",,88,"http://en.wikipedia.org/wiki/Palace_of_Versailles#mediaviewer/File:Versailles_Plan_Jean_Delagrive.jpg

",Bibliothèque nationale de France,,Yes,Yes,Yes,
"Fragonard,_The_Swing.jpg",2014_TDX_MIAArtStories_223.tif,2010.11.1a-c,"Jean-Honoré Fragonard, French, 1732-1806       
The Swing, 1767
Oil on canvas
31 ¾ x 24.5 in.
Wallace Collection, London, United Kingdom

",,89,"

http://en.wikipedia.org/wiki/The_Swing_(painting)

","Wallace Collection, London, United Kingdom",,Yes,Yes,Yes,
131223_mia329_9364.jpg,N/A,99.159a-d,"McKim, Mead, and White, American, 1879-1961
Model of original scheme for the Minneapolis Society of Fine Arts, c. 1912
Wood, plaster, and paint
12 5/8 x 83 3/8 x 77 in. 
Transfer from The Minneapolis Society of Fine Arts, 99.159a-d

",© 2014 Minneapolis Institute of Arts,90,,,,Yes,Yes,Yes,"front entrance detail
Author: Jennifer Olivarez"
220px-TempleOfPortunus-ForumBoarium.jpg,2014_TDX_MIAArtStories_308.tif,99.159a-d,"Temple of Portunus, Rome, Italy.",,91,http://en.wikipedia.org/wiki/Temple_of_Portunus,,,Yes,Yes,Yes,
060610_mia345_0107.tif,N/A,99.159a-d,"Minneapolis Institute of Arts, North (Old Main) entrance.",© 2014 Minneapolis Institute of Arts,92,,,,Yes,Yes,Yes,Josh to locate in MediaBin -Jlynn
131223_mia329_9354.jpg  ,N/A,99.159a-d,"McKim, Mead, and White, American, 1879-1961
Model of original scheme for the Minneapolis Society of Fine Arts, c. 1912
Wood, plaster, and paint
12 5/8 x 83 3/8 x 77 in. 
Transfer from The Minneapolis Society of Fine Arts, 99.159a-d

",© 2014 Minneapolis Institute of Arts,93,,,,Yes,Yes,Yes,Orchestral Hall detail
Orchestra_Hall_Interior.jpg,2014_TDX_MIAArtStories_438.tif,99.159a-d,"Orchestra Hall in downtown Minneapolis (interior), original building by Hardy Holzman Pfeiffer Associates, 1974, 2013 addition by KPMB Architects.",,94,"
https://upload.wikimedia.org/wikipedia/commons/thumb/7/74/Orchestra_Hall_Interior.jpg/512px-Orchestra_Hall_Interior.jpg",,,Yes,Yes,Yes,
131223_mia329_9348.jpg,N/A,99.159a-d,"McKim, Mead, and White, American, 1879-1961
Model of original scheme for the Minneapolis Society of Fine Arts, c. 1912
Wood, plaster, and paint
12 5/8 x 83 3/8 x 77 in. 
Transfer from The Minneapolis Society of Fine Arts, 99.159a-d

",© 2014 Minneapolis Institute of Arts,95,,,,Yes,Yes,Yes,Sculptural hall detail
PCD20030620_4807_IMG0023.tif,N/A,99.159a-d,"McKim, Mead, and White, American, 1879-1961
Model of original scheme for the Minneapolis Society of Fine Arts, c. 1912
Wood, plaster, and paint
12 5/8 x 83 3/8 x 77 in. 
Transfer from The Minneapolis Society of Fine Arts, 99.159a-d

",© 2014 Minneapolis Institute of Arts,96,,,,Yes,Yes,Yes,"handles indicated
(edited insert circles on handles)"
mia_34516a.tif,N/A,99.159a-d,"McKim, Mead and White, North Elevation Proposed Building, Minneapolis Museum of Fine Arts (Minneapolis Institute of Arts). 1912, pen, ink, ink wash, and graphite, Transfer from the Archives, 99.158.1
",© 2014 Minneapolis Institute of Arts,97,,,,Yes,Yes,Yes,
8549458680_60eb161127_o.jpg,2014_TDX_MIAArtStories_310.tif,99.159a-d,"Clinton Morrison, one of the Society’s founding members, donated his family estate, Villa Rosa.",,98,https://www.flickr.com/photos/69184488@N06/8549458680/in/photostream/; ,,,Yes,Yes,Yes,
"060811_mia153_003.tif

","060811_mia153_003.tif

",99.159a-d,"Construction of the 24th Street façade of the McKim, Mead and White-designed MIA building, c. 1913-14.",,99,,,,Yes,Yes,Yes,
img04217.jpg,img04217.jpg,99.159a-d,MIA 1915 (people walking up stairs).,,100,,,,Yes,Yes,Yes,
150112_mia329_5043605.tif,150112_mia329_5043605.tif,99.159a-d," 
Main Hall, Image from
page 3, Bulletin of the Minneapolis Institute of Arts, Volume IV
Numbers 1-2, January-February 1915.",,101," Ana to copy stand
image # provided 01/13

",,,Yes,Yes,Yes,
150112_mia329_5043607.tif,150112_mia329_5043607.tif,99.159a-d,"
The Renaissance Room, Images from page 11, Bulletin of the Minneapolis Institute of Arts, Volume IV
Numbers 1-2, January-February 1915.",,102," Ana to copy stand
image # provided 01/13

",,,Yes,Yes,Yes,
060811_mia153_001.tif,N/A,99.159a-d,Postcard showing the MIA.,,103, ,,,Yes,Yes,Yes,
050602_mia153_030.tif,N/A,99.159a-d,"Building view from Fair Oaks Park, around 1935.",,104,,,,Yes,Yes,Yes,
110908_mia341_154726.jpg,N/A,99.159a-d,Spectators watching construction.,,105,,,,Yes,Yes,Yes,
110913_mia341_212309.jpg,N/A,99.159a-d,The interior main stair being built.,,106,,,,Yes,Yes,Yes,
060820_mia153_005.tif,N/A,99.159a-d,"Exterior of the Target Wing from Target Park, Michael Graves and Associates, 2006.",,107,,,,Yes,Yes,Yes,
060820_mia153_002.tif,N/A,99.159a-d,"View showing 1915 McKim, Mead and White building (left), Tange addition (center) and Target Wing (right).",,108,,,,Yes,Yes,Yes,
150112_mia329_5043611.tif,150112_mia329_5043611.tif,99.159a-d,"“Bird’s Eye View of the Station Plaza,” plan for downtown Minneapolis, Municipal Archives, City of
Minneapolis, published in Michael P. Conforti, Minnesota 1900: Art and Life on
the Upper Mississippi 1890-1915 (University of Delaware Press, 1994), p. 40.

",Photo by Robert Fogt,109," Ana to copy stand
image # provided 01/13

",,,Yes,Yes,No,
planminneapolis00crawgoog_0071.jpg,2014_TDX_MIAArtStories_312.tif,99.159a-d,"“A Strategic Design for Washburn Park,” Plan of Minneapolis, p. 31


",,110,https://archive.org/stream/planminneapolis00crawgoog#page/n17/mode/2up,,,Yes,Yes,Yes,
150112_mia329_5043611.tif,150112_mia329_5043611.tif,99.159a-d,"“Bird’s Eye View of the Station Plaza,” plan for downtown Minneapolis, Municipal Archives, City of
Minneapolis, published in Michael P. Conforti, Minnesota 1900: Art and Life on
the Upper Mississippi 1890-1915 (University of Delaware Press, 1994), p. 40.",Photo by Robert Fogt,111," Ana to copy stand
image # provided 01/13

",,,Yes,Yes,No,
mia_25304b.tif,N/A,G320,"John S. Bradstreet, American, 1845-1914
John S. Bradstreet and Company, American (Minneapolis, Minnesota), c. 1899-1932
Duluth Living Room (from the William and Mina Prindle House), 1906
Gift of funds from Wheaton Wood, by exchange 82.43.1-60 ",© 2014 Minneapolis Institute of Arts,112,,,,Yes,Yes,Yes,room as a lotus pond
mia_25304a.tif,N/A,G320,"John S. Bradstreet, American, 1845-1914
John S. Bradstreet and Company, American (Minneapolis, Minnesota), c. 1899-1932
Duluth Living Room (from the William and Mina Prindle House), 1906
Gift of funds from Wheaton Wood, by exchange 82.43.1-60 

",© 2014 Minneapolis Institute of Arts,112.5,,,,Yes,Yes,Yes,Author: Jennifer Olivarez
141001_mia329_6893.jpg,N/A,G320,"detail bookcase.
",© 2014 Minneapolis Institute of Arts,113,,,,Yes,Yes,Yes,detail of bookcase lotus
141001_mia329_6922.jpg,N/A,G320,"John S. Bradstreet, American, 1845-1914
Lotus table, c. 1903-07
Cypress wood
28 3/8 x 30 x 30 in. 
Gift of funds from Wheaton Wood, by exchange, 
82.43.11

",© 2014 Minneapolis Institute of Arts,114,,,,Yes,Yes,Yes,
141001_mia329_6925.jpg,N/A,G320,"John S. Bradstreet, American, 1845-1914
Lotus table (detail), c. 1903-07
Cypress wood
28 3/8 x 30 x 30 in. 
Gift of funds from Wheaton Wood, by exchange, 
82.43.11

",© 2014 Minneapolis Institute of Arts,115,,,,Yes,Yes,Yes,
141001_mia329_6899.jpg,N/A,G320,"John S. Bradstreet, American, 1845-1914
Wall sconce in the form of a dragon, one of a pair, c. 1904
Cypress wood, bronze, favrille glass shades
24 1/2 x 8 in.
Gift of funds from Wheaton Wood, by exchange, 
82.43.17.5a-f",© 2014 Minneapolis Institute of Arts,116,,,,Yes,Yes,Yes,
2014_TDX_MIAArtStories_184.tif,2014_TDX_MIAArtStories_184.tif,G320,Prindle Room original object label.,,117,,,,Yes,Yes,Yes,
141001_mia329_6940.jpg,N/A,G320,"John S. Bradstreet, American, 1845-1914
Upright piano, 1900-14
Cypress Case with sections of original Mahogany body
54 1/2 x 63 1/2 x 27 3/4in. 
Gift of funds from Wheaton Wood, by exchange 82.43.9",,118,,,,Yes,Yes,Yes,
141001_mia329_6937.jpg,N/A,G320,"John S. Bradstreet, American, 1845-1914
Upright piano (detail), 1900-14
Cypress Case with sections of original Mahogany body
54 1/2 x 63 1/2 x 27 3/4in. 
Gift of funds from Wheaton Wood, by exchange 82.43.9

",,119,,,,Yes,Yes,Yes,
141212_mia329_5043309.tif,141212_mia329_5043309.tif,G320,"
Prindle Room insitu photograph.",,120,,,,Yes,Yes,Yes,
141212_mia329_5043308.tif,141212_mia329_5043308.tif,G320,Prindle Room insitu photograph.,,121,,,,Yes,Yes,Yes,
141001_mia329_6907.jpg,N/A,G320,"John S. Bradstreet, American, 1845-1914
Carved panel, 1900-14
Cypress wood
19 1/2 x 50 1/4 in.
Gift of funds from Wheaton Wood, by exchange 82.43.37",,122,,,,Yes,Yes,Yes,
PCD19990203_1210_IMG0015.tif,N/A,G320,"Asian, early 17th century
The Wu Family Reception Hall (detail) 
Wood, ceramic, tile, plaster, lacquer, stone
216 x 483 x 288 in. (outer exterior wall dimension)
Gift of Ruth and Bruce Dayton, 98.61.1",,123,,,,Yes,Yes,No,
IMAG0546.jpg,2014_TDX_MIAArtStories_437.tif,G320,View of Duluth from Prindle Living Room window.,,,,,,Yes,Yes,Yes,
media.php.jpg,"
2014_TDX_MIAArtStories_144.tif",G320,"Duluth Harbor Basin, Duluth, Saint Louis County, Minnesota, photograph c.1902, AV1997.113.4, Minnesota Historical Society",Photographer: Crandall & Fletcher,125,http://collections.mnhs.org/cms/display.php?irn=10605706&websites=no&brand=cms&q=Duluth&yearrange=1880-1921&startindex=1&count=25,,,Yes,Yes,No,
mia_2022906.tif,N/A,G320,"Historic image from panel; photo courtesy MIA,
reproduced in Michael P. Conforti, ed., Minnesota 1900: Art and Life on the
Upper Mississippi 1890-1914 (University of Delaware Press, 1994), p. 73.",,126,,,,Yes,Yes,Yes,
141212_mia329_5043289.tif,141212_mia329_5043289.tif,G320,"John Bradstreet in Japan, about 1905, Hennepin
County Libraries, Special Collections, published in Michael P. Conforti, ed., Minnesota
1900: Art and Life on the Upper Mississippi 1890-1914 (University of Delaware
Press, 1994), p. 64.",,127,,,,Yes,Yes,Yes,
proposed-in-bellman-alt.jpg,2014_TDX_MIAArtStories_435.tif,G320,"Japanese garden at the Bradstreet Craftshouse,
Minneapolis Special Collections, Hennepin County Libraries, Order No. M1498.",,128,,,,Yes,Yes,Yes,In Share
proposed-in-bellman-alt.jpg,2014_TDX_MIAArtStories_435.tif,G320,"Bradstreet Island image from The Bellman, January 20, 1912, reproduced in MIA Bulletin LXV
(1981-82), p. 21.",,129,http://minneapolisparkhistory.com/2012/03/06/what-happened-to-john-bradstreets-japanese-temple-in-lake-of-the-isles/,,,Yes,Yes,Yes,
141226_mia329_5043444.tif,141226_mia329_5043444.tif,G320,"John S. Bradstreet, American, 1845-1914
Pamphlet, 1905
Paper, photographs
6 1/8 x 4 3/4 in.
Gift of funds from Wheaton Wood, by exchange, 82.43.49
",,130,"1905 brochure DATS object file
11/25/14 copy stand
1/9/15 Ana provided copystand image #",,,Yes,Yes,Yes,
130517_mia341_0335.jpg,N/A,G320,"Portrait of John Scott Bradstreet, 1915,  Paul Fjelde, American, 1892-1984, Bronze, 35 1/4 x 25 1/4 x 1 1/2 in. (89.54 x 64.14 x 3.81 cm) Gift of Friends of John Scott Bradstreet  16.3",© 2014 Minneapolis Institute of Arts,131,,,,Yes,Yes,Yes,
110906_mia341_181943.jpg,N/A,G320,"MIA Bulletin, Vol. 4 (Jan-Feb 1915), p. 15.  ",,132,,,,Yes,Yes,Yes,
mia_6004679.tif,N/A,G320,"06.2 Douglas Volk, John Bradstreet in his Judd
House Rooms, oil on canvas, c. 1890; Image of Bradstreet Memorial Room at the
MIA, installed 1915 (MIA archives)",,133,,,,Yes,Yes,Yes,
PCD20030127_3414_IMG0029.tif,N/A,64.70,"Giovanni Battista Piranesi, Italian, 1720-78
Pier table, c. 1768
Oak, limewood, marble, gilt
35 1/2 x 59 x 29 1/4 in.
The Ethel Morrison Van Derlip Fund, 64.70",© 2014 Minneapolis Institute of Arts,134,,,,Yes,Yes,No,"3/4 angle

Josh to optimize image – Jlynn"
mia_4001494.tif,N/A,64.70,"Giovanni Battista Piranesi, Italian, 1720-78
Pier table, c. 1768
Oak, limewood, marble, gilt
35 1/2 x 59 x 29 1/4 in.
The Ethel Morrison Van Derlip Fund, 64.70",© 2014 Minneapolis Institute of Arts,135,,,,Yes,Yes,Yes,Chimeras detail
28190-004-6970B6F6.jpg,2014_TDX_MIAArtStories_125.tif,64.70,"Etruscan
The Chimera of Arezzo , 5th century BCE
Bronze
31.5 in.
Museo Archeologico, Florence

","

Credit: Scala/Art Resource, New York",136,http://www.britannica.com/EBchecked/media/20769/The-Chimera-of-Arezzo-bronze-Etruscan-5th-century-BC-in,"Museo Archeologico, Florence",,Yes,Yes,Yes,
mia_4001490.tif,N/A,"64.70
","Giovanni Battista Piranesi, Italian, 1720-78
Pier table, c. 1768
Oak, limewood, marble, gilt
35 1/2 x 59 x 29 1/4 in.
The Ethel Morrison Van Derlip Fund, 64.70",© 2014 Minneapolis Institute of Arts,137,,,,Yes,Yes,Yes,Ox skull detail
mia_2011331.tif,N/A,"64.70
","Giovanni Battista Piranesi, Italian, 1720-78
Diverse Manners of Ornamenting  Chimneys, 1769
Etchings
22 1/2 x 17 in.
The Eugene J. Carpenter Memorial Fund, 61.44

",© 2014 Minneapolis Institute of Arts,138,,,,Yes,Yes,Yes,
mia_33788a.tif,N/A,"64.70
","Antonio Montauti, Italian, 1683-1746
Leda and the Swan, Ganymede and the Eagle, c. 1710
Bronze
18 in.
The Putnam Dana McMillan Fund
78.63.1, .2

",© 2014 Minneapolis Institute of Arts,139,,,,Yes,Yes,No,Josh to create composite image from recent photography. - Jlynn
mia_4001492.tif,N/A,64.70,"Giovanni Battista Piranesi, Italian, 1720-78
Pier table, c. 1768
Oak, limewood, marble, gilt
35 1/2 x 59 x 29 1/4 in.
The Ethel Morrison Van Derlip Fund, 64.70",© 2014 Minneapolis Institute of Arts,140,,,,Yes,Yes,Yes,detail with ox & chimeras
PCD20030127_3414_IMG0026.tif,PCD20030127_3414_IMG0026.tif,"96.32.1a,b","Thomas Hope, English (born Amsterdam), 1769-1831
Library table, c. 1800
Painted and gilt wood with canvas top
33 x 55 3/4 x 37 3/4 in.
Gift of funds from the Friends of the Institute, 96.32.1a,b",© 2014 Minneapolis Institute of Arts,141,,,,Yes,Yes,Yes,
mia_4001491.tif,N/A,64.70,"Giovanni Battista Piranesi, Italian, 1720-78
Pier table, c. 1768
Oak, limewood, marble, gilt
35 1/2 x 59 x 29 1/4 in.
The Ethel Morrison Van Derlip Fund, 64.70",© 2014 Minneapolis Institute of Arts,142,,,,Yes,Yes,Yes,detail with peeling gilting
141114_mia329_8187.jpg,N/A,64.70,"Giovanni Battista Piranesi, Italian, 1720-78
Pier table, c. 1768
Oak, limewood, marble, gilt
35 1/2 x 59 x 29 1/4 in.
The Ethel Morrison Van Derlip Fund, 64.70",© 2014 Minneapolis Institute of Arts,143,,,,Yes,Yes,Yes,detail with Cantilevers in use
"
DP828193.jpg",2014_TDX_MIAArtStories_135.tif,"64.70
","Giovanni Battista Piranesi, Italian, 1720–78
Parte di ampio magnifico Porto all'uso degli antichi Romani (Part of a spacious
magnificent harbor in the manner of the ancient Romans), ca. 1749–50
Etching, first state before caption plate
Harris Brisbane Dick Fund, 1937, 37.45.3.41

",Metropolitan Museum of Art,144,http://www.metmuseum.org/toah/works-of-art/37.45.3.41,The Metropolitan Museum of Art,,Yes,Yes,Yes,
DP828191.jpg,2014_TDX_MIAArtStories_134.tif,"64.70
","Giovanni Battista Piranesi, Italian, 1720–78
The Round Tower: Plate 3 of Carceri, ca. 1749–60
Etching, engraving, sulphur tint or open bite, burnishing
21 7/8 x 16 7/16 in.
Harris Brisbane Dick Fund, 1937, 37.45.3(27)",Metropolitan Museum of Art,145,http://www.metmuseum.org/toah/works-of-art/37.45.3(27),The Metropolitan Museum of Art,,Yes,Yes,Yes,
mia_2018650.tif,N/A,"64.70
","Perspective of Arches, with a Smoking Fire, Plate 6 from Carceri d'Invenzione, 1749, Giovanni Battista Piranesi (Italian, 1720–1778)
Italian, Etching with engraving and sulfur tint; first state, 23 5/8 x 17 15/16 in. (60 x 45.5 cm) (sheet), The John E. Andrus III Endowment Fund  2010.87

 

",© 2014 Minneapolis Institute of Arts,146,,,,Yes,Yes,Yes,
mia_5024076.tif,N/A,"64.70
","Grand Canal from Palazzo Flangini
to Palazzo Bembo, c. 1740, Giovanni Antonio Canaletto, 
Italian (Venice), 1697-1768, Oil on canvas, 24 1/8 x 36 3/8 in. (61.28 x 92.39 cm) (canvas), Bequest of Miss Tessie Jones in
memory of Herschel V. Jones 68.41.11

",© 2014 Minneapolis Institute of Arts,147,,,,Yes,Yes,Yes,
mia_4000980.tif,N/A,86.6,"Roman
The Doryphoros, 1st - 2nd century BCE
Pentelic marble
78 x 19 x 19 in.
The John R. Van Derlip Fund and Gift of funds from Bruce B.
Dayton, an anonymous donor, Mr. and Mrs. Kenneth Dayton, Mr. and Mrs. W. John
Driscoll, Mr. and Mrs. Alfred Harrison, Mr. and Mrs. John Andrus, Mr. and Mrs.
Judson Dayton, Mr. and Mrs. Stephen Keating, Mr. and Mrs. Pierce McNally, Mr.
and Mrs. Donald Dayton, Mr. and Mrs. Wayne MacFarlane, and many other generous
friends of the Institute, 86.6

",© 2014 Minneapolis Institute of Arts,148,,,,Yes,Yes,Yes,
Gisele_B_edit.jpg,2014_TDX_MIAArtStories_137.tif,86.6,"Gisele Bündchen, Brazilian fashion model.",,149,"http://upload.wikimedia.org/wikipedia/commons/7/73/Gisele_B_edit.jpg

",,,Yes,Yes,Yes,
640px-Tom_Brady_2011.JPG,2014_TDX_MIAArtStories_120.tif,86.6,"Tom Brady, American football quarterback for the New England Patriots.",,150,http://en.wikipedia.org/wiki/Tom_Brady#mediaviewer/File:Tom_Brady_2011.JPG,,,Yes,Yes,Yes,
mia_4000919.tif,N/A,86.6,"Roman
The Doryphoros, 1st - 2nd century BCE
Pentelic marble
78 x 19 x 19 in.
The John R. Van Derlip Fund and Gift of funds from Bruce B.
Dayton, an anonymous donor, Mr. and Mrs. Kenneth Dayton, Mr. and Mrs. W. John
Driscoll, Mr. and Mrs. Alfred Harrison, Mr. and Mrs. John Andrus, Mr. and Mrs.
Judson Dayton, Mr. and Mrs. Stephen Keating, Mr. and Mrs. Pierce McNally, Mr.
and Mrs. Donald Dayton, Mr. and Mrs. Wayne MacFarlane, and many other generous
friends of the Institute, 86.6",© 2014 Minneapolis Institute of Arts,151,,,,Yes,Yes,Yes,
Frank_Zane.jpg,2014_TDX_MIAArtStories_224.tif,86.6,"Frank Zane, American former Professional Body Builder and Teacher.",,152,"http://upload.wikimedia.org/wikipedia/commons/4/43/Frank_Zane.jpg


",,,Yes,Yes,Yes,
PCD20000823_0138_IMG0017.tif,N/A,86.6,"Roman
The Doryphoros, 1st - 2nd century BCE
Pentelic marble
78 x 19 x 19 in.
The John R. Van Derlip Fund and Gift of funds from Bruce B.
Dayton, an anonymous donor, Mr. and Mrs. Kenneth Dayton, Mr. and Mrs. W. John
Driscoll, Mr. and Mrs. Alfred Harrison, Mr. and Mrs. John Andrus, Mr. and Mrs.
Judson Dayton, Mr. and Mrs. Stephen Keating, Mr. and Mrs. Pierce McNally, Mr.
and Mrs. Donald Dayton, Mr. and Mrs. Wayne MacFarlane, and many other generous
friends of the Institute, 86.6",© 2014 Minneapolis Institute of Arts,153,,,,Yes,Yes,No,Use mia_4000990.tif as alternate image? - Jlynn
Braus_1921_1.png,2014_TDX_MIAArtStories_130.tif,86.6,A male anatomical illustration from the 1921 German edition of Anatomie des Menschen: ein Lehrbuch für Studierende und,,154,"http://upload.wikimedia.org/wikipedia/commons/f/ff/Braus_1921_1.png
",,,Yes,Yes,Yes,
mia_4000926.tif,N/A,86.6,"Roman
The Doryphoros, 1st - 2nd century BCE
Pentelic marble
78 x 19 x 19 in.
The John R. Van Derlip Fund and Gift of funds from Bruce B.
Dayton, an anonymous donor, Mr. and Mrs. Kenneth Dayton, Mr. and Mrs. W. John
Driscoll, Mr. and Mrs. Alfred Harrison, Mr. and Mrs. John Andrus, Mr. and Mrs.
Judson Dayton, Mr. and Mrs. Stephen Keating, Mr. and Mrs. Pierce McNally, Mr.
and Mrs. Donald Dayton, Mr. and Mrs. Wayne MacFarlane, and many other generous
friends of the Institute, 86.6",© 2014 Minneapolis Institute of Arts,155,,,,Yes,Yes,Yes,
mia_4000984.tif,N/A,86.6,"Roman
The Doryphoros, 1st - 2nd century BCE
Pentelic marble
78 x 19 x 19 in.
The John R. Van Derlip Fund and Gift of funds from Bruce B.
Dayton, an anonymous donor, Mr. and Mrs. Kenneth Dayton, Mr. and Mrs. W. John
Driscoll, Mr. and Mrs. Alfred Harrison, Mr. and Mrs. John Andrus, Mr. and Mrs.
Judson Dayton, Mr. and Mrs. Stephen Keating, Mr. and Mrs. Pierce McNally, Mr.
and Mrs. Donald Dayton, Mr. and Mrs. Wayne MacFarlane, and many other generous
friends of the Institute, 86.6",© 2014 Minneapolis Institute of Arts,156,,,,Yes,Yes,Yes,
Leonardo_da_Vinci-_Vitruvian_Man.JPG,2014_TDX_MIAArtStories_143.tif,86.6,"Leonardo da Vinci, Italian, 1452-1519
The Proportions of the Human Figure (Vitruvian Man), 1490
Pen, ink and watercolour over metalpoint
13.5 x 9.65 in.
Accademia Gallery, Florence


",,157,"http://commons.wikimedia.org/wiki/File:Leonardo_da_Vinci-_Vitruvian_Man.JPG

","Accademia Gallery, in Florence",,Yes,Yes,Yes,
David_von_Michelangelo.jpg,2014_TDX_MIAArtStories_132.tif,86.6,"Michelangelo Buonarroti, Italian, 1475-1564
David, 1501-04
Marble
203.15 in.
Accademia Gallery, Florence



",,158,"http://en.wikipedia.org/wiki/David_(Michelangelo)#mediaviewer/File:David_von_Michelangelo.jpg

","Accademia Gallery, in Florence",,Yes,Yes,Yes,
2048px-Sandro_Botticelli_-_La_nascita_di_Venere_-_Google_Art_Project_-_edited.jpg,2014_TDX_MIAArtStories_122.tif,86.6,"Sandro Botticelli, Italian, 1444-1510
Birth of Venus, 1482-85
Tempera on canvas
67.9 × 109.6 in.
Uffizi Gallery Museum, Florence




",,159,"http://en.wikipedia.org/wiki/The_Birth_of_Venus_(Botticelli)#mediaviewer/File:Sandro_Botticelli_-_La_nascita_di_Venere_-_Google_Art_Project_-_edited.jpg

","Uffizi Gallery Museum, Florence",,Yes,Yes,Yes,
"Jean_Auguste_Dominique_Ingres,_La_Grande_Odalisque,_1814.jpg",2014_TDX_MIAArtStories_141.tif,86.6,"Jean-Auguste-Dominique Ingres (Montauban,1780-Paris, 1867) 
La Grande Odalisque, 1814
35 ¾ x  63 ¾ in.
Acquired in 1899 Louvre R.F. 1158
  

",,160,"http://commons.wikimedia.org/wiki/File:Jean_Auguste_Dominique_Ingres,_La_Grande_Odalisque,_1814.jpg

",Louvre,,Yes,Yes,Yes,
mia_1028301.tif,N/A,86.6,"Henry Dreyfuss, American, 1904-72
This is Josephine, the Average American Female and Joe Jr. a Typical 6 Year
Old, 1955
Black marker over graphite on blue linen
31 x 45 5/16 in. 
Anonymous gift 2011.25.2",© 2014 Minneapolis Institute of Arts,161,,,,Yes,Yes,Yes,
mia_1028298.tif,N/A,86.6,"Henry Dreyfuss, American, 1904-72
This is Joe the Average American Adult Male, 1955
Black marker over graphite on blue linen
31 x 42 1/2 in.
Anonymous gift,  2011.25.1",© 2014 Minneapolis Institute of Arts,162,,,,Yes,Yes,Yes,
index.jpg,2014_TDX_MIAArtStories_140.tif,86.6,"Designing for People, 1955, Henry
Dreyfuss.",,163,"http://www.amazon.com/Designing-People-First-Priniting-1955/dp/B003X8Z9G6#

",,,Yes,Yes,Yes,
mia_41682a.tif,N/A,2004.122,"Anna Pottery, Anna, Illinois, 1859-1894
Snake jug, c. 1865
Stoneware with painted decoration
12 1/2 x 8 5/16 x 8 11/16 in. 
The Walter C. and Mary C. Briggs Endowment Fund, gift of funds from Mrs. Eunice
Dwan, The Fred R. Salisbury II Fund, and The Decorative Arts Deaccession Fund,
2004.122

",© 2014 Minneapolis Institute of Arts,164,,,,Yes,Yes,Yes,Author: Alex Bortolot
"
04914r.jpg",2014_TDX_MIAArtStories_123.tif,2004.122,"The last ditch of the chivalry, or a President in petticoats. New York: Published by Currier & Ives, c. 1865.
Library of Congress Prints and Photographs Division, Washington, D.C. 20540 USA
",,165,http://www.loc.gov/pictures/item/96511718/,,,Yes,Yes,Yes,
mia_41686a.tif,N/A,2004.122,"Anna Pottery, Anna, Illinois, 1859-1894
Snake jug, c. 1865
Stoneware with painted decoration
12 1/2 x 8 5/16 x 8 11/16 in. 
The Walter C. and Mary C. Briggs Endowment Fund, gift of funds from Mrs. Eunice
Dwan, The Fred R. Salisbury II Fund, and The Decorative Arts Deaccession Fund,
2004.122",© 2014 Minneapolis Institute of Arts,166,,,,Yes,Yes,Yes,
3c32749r.jpg,2014_TDX_MIAArtStories_114.tif,2004.122,"The copperhead party—in favor of a vigorous prosecution of peace! Illus.
in: Harper's weekly, v. 7, no. 322 (1863 February 28), p. 144. Library
of Congress Prints and Photographs Division, Washington, D.C. 20540 USA 
",,167,http://www.loc.gov/pictures/item/2003663007/,,,Yes,Yes,Yes,
mia_41688a.tif,N/A,2004.122,"Anna Pottery, Anna, Illinois, 1859-1894
Snake jug, c. 1865
Stoneware with painted decoration
12 1/2 x 8 5/16 x 8 11/16 in. 
The Walter C. and Mary C. Briggs Endowment Fund, gift of funds from Mrs. Eunice
Dwan, The Fred R. Salisbury II Fund, and The Decorative Arts Deaccession Fund,
2004.122",© 2014 Minneapolis Institute of Arts,168,,,,Yes,Yes,Yes,
3g01739r.jpg,2014_TDX_MIAArtStories_115.tif,2004.122,"Hail! Glorious banner of our land Respectfully inscribed to Major General George B.
McClella—By Mrs. Mary Farrell Moore, Cincinnati, Ohio, July 4th 1861 / / T. Sinclair's
Lith, Philada. Library of Congress Prints and Photographs Division, Washington, D.C. 20540 USA



",,169,http://www.loc.gov/pictures/item/91721286/,,,Yes,Yes,Yes,
"mia_41680a.tif
",N/A,2004.122,"Anna Pottery, Anna, Illinois, 1859-1894
Snake jug, c. 1865
Stoneware with painted decoration
12 1/2 x 8 5/16 x 8 11/16 in. 
The Walter C. and Mary C. Briggs Endowment Fund, gift of funds from Mrs. Eunice
Dwan, The Fred R. Salisbury II Fund, and The Decorative Arts Deaccession Fund,
2004.122",© 2014 Minneapolis Institute of Arts,170,,,,Yes,Yes,Yes,
"Flightless_Dung_Beetle_Circellium_Bachuss,_Addo_Elephant_National_Park,_South_Africa.JPG",2014_TDX_MIAArtStories_136.tif,2004.122,Dung Beetles.,,171,http://commons.wikimedia.org/wiki/File%3AFlightless_Dung_Beetle_Circellium_Bachuss%2C_Addo_Elephant_National_Park%2C_South_Africa.JPG,,,Yes,Yes,Yes,
mia_21691b.tif,N/A,2004.122,"Frederick Sturgis Laurence, American, active 1895-1904
Vase, 1901
Ceramic with 'sea green' glaze
16 7/8 x 6 3/8 in. 
The Modernism Collection, gift of Norwest Bank Minnesota , 98.276.56

",© 2014 Minneapolis Institute of Arts,172,,,,Yes,Yes,Yes,
44.1.35.jpg,2014_TDX_MIAArtStories_117.tif,2004.122,"American
Inkwell, 1882
Stoneware
3 1/8 x 3 5/8 x 3 1/2 in. 
Gift of Arthur W. Clement, 44.1.35

","Creative Commons-BY
Brooklyn Museum
",173,http://www.brooklynmuseum.org/opencollection/objects/742/Inkwell/image/5493/image,image permission not needed per Heidi Raatz 10/03/14,Brooklyn Museum,Yes,Yes,Yes,
2014_TDX_MIAArtStories_186.tif,2014_TDX_MIAArtStories_186.tif,2004.122,"Farmer and Fruit Grower, July 14, 1880. Richard D. Mohr, “Anna Pottery – Plagiarism as
Art,” Krannert Art Museum, University of Illinois at Urbana-Champaign (11/7/2003-1/4/2004),
p. 27

",,174,"MIA DATS object file 
10/02/14 VRS req copy 

Newspaper clip SNAKES! Snakes!

1/11/15 image is FINAL & in story",,,Yes,Yes,Yes,
mia_70238a.tif,N/A,54.22,"Henry Moore, British, 1898-1986
Warrior with Shield, 1953-54
Bronze
62 x 29 x 33 in. 
Gift of Mr. and Mrs. John Cowles, 54.22

",© 2014 Minneapolis Institute of Arts,175,MIA,,,Yes,Yes,Yes,"Author: Paige Patet

Zoom in on part of skin that is roughed up. 

"
"
mia_70248a.tif",N/A,54.22,"Henry Moore, British, 1898-1986
Warrior with Shield, 1953-54
Bronze
62 x 29 x 33 in. 
Gift of Mr. and Mrs. John Cowles, 54.22

",© 2014 Minneapolis Institute of Arts,176,MIA,,,Yes,Yes,Yes,Zoom in on the left side of the man’s body.
"
mia_70242a.tif",N/A,54.22,"Henry Moore, British, 1898-1986
Warrior with Shield, 1953-54
Bronze
62 x 29 x 33 in. 
Gift of Mr. and Mrs. John Cowles, 54.22

",© 2014 Minneapolis Institute of Arts,177,MIA,,,Yes,Yes,Yes,Image from TMS  
"
Aphaia_pediment_Laomedon_E-XI_Glyptothek_Munich_85_n2.jpg",2014_TDX_MIAArtStories_128.tif,54.22,"Dying Warrior on left, Laomedon (?), ca. 490 BC - ca. 480 BC, Saronic Gulf,  Marble, L 1.78 m, Glyptothek, Munich ",,178,http://commons.wikimedia.org/wiki/File:Aphaia_pediment_Laomedon_E-XI_Glyptothek_Munich_85_n2.jpg ,"Glyptothek, Munich",09/22/14 DF object info,Yes,Yes,Yes,"
http://www.perseus.tufts.edu/hopper/artifact?name=Aegina+E+11&object=sculpture

"
"
mia_70252a.tif",N/A,54.22,"Henry Moore, British, 1898-1986
Warrior with Shield, 1953-54
Bronze
62 x 29 x 33 in. 
Gift of Mr. and Mrs. John Cowles, 54.22

",© 2014 Minneapolis Institute of Arts,179,MIA,,,Yes,Yes,Yes,Zoom around to a different angle of the statue—bird’s eye view?  Side view?
Alexander_(Battle_of_Issus)_Mosaic.jpg,2014_TDX_MIAArtStories_127.tif,54.22,"Alexander the Great fighting at the battle of Issus against Darius III of Persia
Mosaic
317 x 555 in.
Museo Archeologico Nazionale di Napoli, Inventory number 10020",,180,"http://commons.wikimedia.org/wiki/File:Alexander_%28Battle_of_Issus%29_Mosaic.jpg


","
Naples National Archaeological Museum",09/22/14 DF object info,Yes,Yes,Yes,"http://cir.campania.beniculturali.it/museoarcheologiconazionale/thematic-views/image-gallery/RA103/?searchterm=issus
 
Museo Archeologico NazionalePiazza Museo Nazionale, 19, 80135 - Napoli
Tel. 039.081.4422149

"
Bayeux_Tapestry_scene51_Battle_of_Hastings_Norman_knights_and_archers.jpg,2014_TDX_MIAArtStories_129.tif,54.22,"Bayeux tapestry
2760 x 20 in.
Musée de la Tapisserie de Bayeux in Bayeux, Normandy,
France

","© All images are taken from theVictorian copy of the Bayeux Tapestry and are copyright 2000 - 2014 Reading Borough Council (Reading Museum Service), Berkshire, UK",181,"http://commons.wikimedia.org/wiki/File:Bayeux_Tapestry_scene51_Battle_of_Hastings_Norman_knights_and_archers.jpg

Image information: 09/22/14 DF
http://www.bayeuxtapestry.org.uk/Index.htm","
Reading Museum & Town Hall
Blagrave Street
Reading
Berkshire
RG1 1QH
England",09/22/14 DF object info,Yes,Yes,Yes,"Reading Museum
The Town Hall
Blagrave Street
Reading
Berkshire
RG1 1QH
Telephone: +44(0)118 937 3400
Fax: +44(0)118 937 3481"
"Washington_Crossing_the_Delaware_by_Emanuel_Leutze,_MMA-NYC,_1851.jpg",2014_TDX_MIAArtStories_152.tif,54.22,"Emanuel Leutze, American, German  Schwäbisch Gmünd 1816–68 Washington, D.C.
Washington Crossing the Delaware, 1851
Oil on canvas
149 x 255 in.
Gift of John Stewart Kennedy, 1897, Metropolitan Museum of Art, 97.34
                  
                ",,182,"http://commons.wikimedia.org/wiki/File:Washington_Crossing_the_Delaware_by_Emanuel_Leutze,_MMA-NYC,_1851.jpg 


","Metropolitan Museum of Art 
1000 5th Ave, New York, NY 10028",09/22/14 DF object info,Yes,Yes,Yes,"MET
object information:
http://www.metmuseum.org/collection/the-collection-online/search/11417?rpp=30&pg=1&ft=97.34&pos=2"
mia_45754a.tif,N/A,54.22,"Otto Dix, German, 1891-1969
Stormtruppe geht unter Gas vor (Storm Troops Advance under a Gas Attack), plate 12 from Der Krieg (The War), 1924
Etching, aquatint and drypoint
7 1/2 x 11 5/16 in.
The John R. Van Derlip Fund and Gift of funds from Alfred and Ingrid Lenz Harrison and the Regis Foundation, 2005.16.1.12

","© Artists Rights Society (ARS), New York / VG Bild-Kunst,
Bonn",183,MIA,,,Yes,Yes,Yes,
mia_45762a.tif,N/A,54.22,"Otto Dix, German, 1891-1969
Verwundeter (Herbst 1916, Baupaume) (Wounded Man [Spring 1916, Baupaume]),
plate 6 from Der Krieg (The War), 1924
Etching and aquatint
7 9/16 x 11 3/16 in.
The John R. Van Derlip Fund and Gift of funds from Alfred and Ingrid Lenz
Harrison and the Regis Foundation, 2005.16.1.6

","© Artists Rights Society (ARS), New York / VG Bild-Kunst,
Bonn",184,MIA,,,Yes,Yes,Yes,
mia_2018686.tif,N/A,54.22,"Francisco Jose de Goya y Lucientes, Spainish, 1746-1828
Estragos de la guerra (Ravages of war), 1810-20 (published 1863)
Etching and aquatint
5 ⅛ x 6 ⅛ in.
The William Hood Dunwoody Fund, by exchange P.71.46

",© 2014 Minneapolis Institute of Arts,185,MIA,,,Yes,Yes,Yes,
mia_2018690.tif,N/A,54.22,"Francisco Jose de Goya y Lucientes, Spainish, 1746-1828
Y no hay remedio (And it cannot be helped), 1810-20 (published 1863)
Etching and aquatint
5 x 6 1/16 in.
The William Hood Dunwoody Fund, by exchange P.71.31

",© 2014 Minneapolis Institute of Arts,186,MIA,,,Yes,Yes,Yes,
mia_4001462.tif,N/A,66.9,"Bertel Thorvaldsen, Danish, 1770-1844
Ganymede and the Eagle, 1817-29
Marble
34 3/4 x 18 1/2 x 46 3/8 in.
Gift of the Morse Foundation, 66.9

",© 2014 Minneapolis Institute of Arts,190,,,,Yes,Yes,Yes,
mia_4001463.tif,N/A,66.9,"Bertel Thorvaldsen, Danish, 1770-1844
Ganymede and the Eagle, 1817-29
Marble
34 3/4 x 18 1/2 x 46 3/8 in.
Gift of the Morse Foundation, 66.9",© 2014 Minneapolis Institute of Arts,191,,,,Yes,Yes,Yes,
mia_1004626.tif,N/A,66.9,"Bertel Thorvaldsen, Danish, 1770-1844
Ganymede and the Eagle, 1817-29
Marble
34 3/4 x 18 1/2 x 46 3/8 in.
Gift of the Morse Foundation, 66.9",© 2014 Minneapolis Institute of Arts,192,,,,Yes,Yes,Yes,
mia_4001462.tif,N/A,66.9,"Bertel Thorvaldsen, Danish, 1770-1844
Ganymede and the Eagle, 1817-29
Marble
34 3/4 x 18 1/2 x 46 3/8 in.
Gift of the Morse Foundation, 66.9",© 2014 Minneapolis Institute of Arts,193,,,,Yes,Yes,Yes,
mia_4001479.tif,N/A,66.9,"Bertel Thorvaldsen, Danish, 1770-1844
Ganymede and the Eagle, 1817-29
Marble
34 3/4 x 18 1/2 x 46 3/8 in.
Gift of the Morse Foundation, 66.9",© 2014 Minneapolis Institute of Arts,194,,,,Yes,Yes,Yes,
mia_4001464.tif,N/A,66.9,"Bertel Thorvaldsen, Danish, 1770-1844
Ganymede and the Eagle, 1817-29
Marble
34 3/4 x 18 1/2 x 46 3/8 in.
Gift of the Morse Foundation, 66.9",© 2014 Minneapolis Institute of Arts,195,,,,Yes,Yes,Yes,
ColumbiaStahrArtwork.jpg,2014_TDX_MIAArtStories_221.tif,66.9,"Paul Stahr
Original design for the ""Be Patriotic"" poster, ca. 1917-18 
Gouache on paper 
27 7/8 x 20 in.
Herbert Hoover Library, National Archives and Records Administration",,196,"

http://upload.wikimedia.org/wikipedia/commons/3/3a/ColumbiaStahrArtwork.jpg

","Herbert Hoover Library, National Archives and Records Administration",,Yes,Yes,Yes,
mia_1004626.tif,N/A,66.9,"Bertel Thorvaldsen, Danish, 1770-1844
Ganymede and the Eagle, 1817-29
Marble
34 3/4 x 18 1/2 x 46 3/8 in.
Gift of the Morse Foundation, 66.9",© 2014 Minneapolis Institute of Arts,197,,,,Yes,Yes,Yes,
mia_4001462.tif,N/A,66.9,"Bertel Thorvaldsen, Danish, 1770-1844
Ganymede and the Eagle, 1817-29
Marble
34 3/4 x 18 1/2 x 46 3/8 in.
Gift of the Morse Foundation, 66.9",© 2014 Minneapolis Institute of Arts,198,,,,Yes,Yes,Yes,
ThorvaldsensJason.jpg,2014_TDX_MIAArtStories_229.tif,66.9,"A822
Bertel Thorvaldsen, Jason with the Golden Fleece, 1803
Marble. 242 cm


",Thorvaldsens Museum,199,http://commons.wikimedia.org/wiki/File:ThorvaldsensJason.jpg,"Thorvaldsen Museum
Kristina Lindholdt
Curatorial Assistant
KFFAFD_Thorvaldsen_Volontør <volontor@kff.kk.dk>",1/30/15 permission received ,Yes,Yes,Yes,
Bertel_Thorvaldsen_-_Cupid.jpg,2014_TDX_MIAArtStories_220.tif,66.9,"A804
Bertel Thorvaldsen, Cupid Triumphant, 1897-1899
Executed by Rasmus Andersen under the supervision of Th. Stein after the original plaster 1814, inv.no. A22
Marble. 144 cm

",Thorvaldsens Museum. Photographer Jonals Co.,200,http://commons.wikimedia.org/wiki/File:Bertel_Thorvaldsen_-_Cupid.jpg,"Thorvaldsen Museum
Kristina Lindholdt
Curatorial Assistant
KFFAFD_Thorvaldsen_Volontør <volontor@kff.kk.dk>",1/30/15 permission received ,Yes,Yes,Yes,
A853.jpg,2014_TDX_MIAArtStories_219.tif,66.9,"A853
Bertel Thorvaldsen, Venus with the Apple, 1813-1816
Marble. 160,8 cm.


",Thorvaldsens Museum,201,"

http://www.thorvaldsensmuseum.dk/en/collections

","Thorvaldsen Museum
Kristina Lindholdt
Curatorial Assistant
KFFAFD_Thorvaldsen_Volontør <volontor@kff.kk.dk>",1/30/15 permission received ,Yes,Yes,Yes,
A821.jpg,2014_TDX_MIAArtStories_218.tif,66.9,"A821
Bertel Thorvaldsen, Psyche, 1806
Marble. 132 cm



",Thorvaldsens Museum,202,http://fa3.thorvaldsensmuseum.dk/assets/31853/large/A821.jpg  ,"Thorvaldsen Museum
Kristina Lindholdt
Curatorial Assistant
KFFAFD_Thorvaldsen_Volontør <volontor@kff.kk.dk>",1/30/15 permission received ,Yes,Yes,Yes,
mia_1003547.tif ,,2004.195,"Margarete Schütte-Lihotzky, Austrian, 1897-2000
Frankfurt Kitchen, c. 1926-30
Kitchen cabinetry and stove
Gift of funds from Regis Foundation, 2004.195

",© 2014 Minneapolis Institute of Arts,205,,,,Yes,Yes,Yes,
Frankfurt Kitchen food labels (1).JPG,2014_TDX_MIAArtStories_379.tif,2004.195,"Margarete Schütte-Lihotzky, Austrian, 1897-2000
Frankfurt Kitchen, c. 1926-30
Kitchen cabinetry and stove
Gift of funds from Regis Foundation, 2004.195
detail: aluminum containers",,205.5,,,,Yes,Yes,Yes,
060614_mia329_0063.jpg,,2004.195,"Margarete Schütte-Lihotzky, Austrian, 1897-2000
Frankfurt Kitchen, c. 1926-30
Kitchen cabinetry and stove
Gift of funds from Regis Foundation, 2004.195

",© 2014 Minneapolis Institute of Arts,206,,,,Yes,Yes,Yes,
060614_mia329_0049.jpg,,2004.195,"Margarete Schütte-Lihotzky, Austrian, 1897-2000
Frankfurt Kitchen, c. 1926-30
Kitchen cabinetry and stove
Gift of funds from Regis Foundation, 2004.195

",© 2014 Minneapolis Institute of Arts,208,,,,Yes,Yes,Yes,
mia_1003547.tif ,,2004.195,"Margarete Schütte-Lihotzky, Austrian, 1897-2000
Frankfurt Kitchen, c. 1926-30
Kitchen cabinetry and stove
Gift of funds from Regis Foundation, 2004.195

",,209,,,,Yes,Yes,Yes,
Frankfurt_Altstadt-Blick_zum_Roemer-1920,2014_TDX_MIAArtStories_316.tif,2004.195,The “Old” Frankfurt c. 1920.,,210,http://commons.wikimedia.org/wiki/Category:Frankfurt_am_Main_in_the_1920s,,,Yes,Yes,Yes,
Siedlung_Heddernheim_Leberecht_Migge.jpg,2014_TDX_MIAArtStories_320.tif,2004.195,"Garden plans for Heddernheim/Römerstadt housing in Frankfurt am Main,
c. 1925-30

",,211,http://commons.wikimedia.org/wiki/File:Siedlung_Heddernheim_Leberecht_Migge.jpg,,,Yes,Yes,Yes,
"Ginnheim,_Siedlung_Höhenblick,_Höhenblick.jpg",2014_TDX_MIAArtStories_317.tif,2004.195,"

Höhenblick Estate Housing complex.
",,212,"http://commons.wikimedia.org/wiki/File:Ginnheim,_Siedlung_H%C3%B6henblick,_H%C3%B6henblick.jpg",,,Yes,Yes,Yes,
Screen Shot 2015-01-23 at 10.21.33 AM.png,2014_TDX_MIAArtStories_386.tif,2004.195,"Still from Frankfurt Kitchen video showing
unsanitary “old kitchen”.",Translation from German by Minneapolis Institute of Arts,212.5,,,,Yes,Yes,Yes,
"

page7-378px-Miss_Beecher's_Housekeeper_and_Healthkeeper.djvu.jpg

",2014_TDX_MIAArtStories_319.tif,2004.195,"Page from Beecher’s
book Housekeeper and Healthkeeper (1873), pg. 7.",,214,http://commons.wikimedia.org/wiki/File:Miss_Beecher%27s_Housekeeper_and_Healthkeeper.djvu,,,Yes,Yes,Yes,
Miss_Beecher's_Housekeeper_and_Healthkeeper.djvu.jpg,2014_TDX_MIAArtStories_318.tif,2004.195,"Page from Beecher’s
book Housekeeper and Healthkeeper (1873), pg. 141.",,,http://commons.wikimedia.org/wiki/File:Miss_Beecher%27s_Housekeeper_and_Healthkeeper.djvu,,,Yes,Yes,Yes,
"-Household_engineering-,_C._Frederick_Wellcome_L0019287.jpg

",2014_TDX_MIAArtStories_314.tif,2004.195,"Christine Frederick’s efficiency studies, from
her book Household Engineering:
Scientific Management in the Home (1919).",,,"http://commons.wikimedia.org/wiki/File:%22Household_engineering%22,_C._Frederick_Wellcome_L0019287.jpg",,,Yes,Yes,Yes,
"-Household_engineering-,_C._Frederick_Wellcome_L0019286.jpg",2014_TDX_MIAArtStories_313.tif,2004.195,"Christine Frederick’s efficiency studies, from
her book Household Engineering:
Scientific Management in the Home (1919).",,,,,,Yes,Yes,Yes,
141212_mia329_5043314.tif,141212_mia329_5043314.tif,2004.195,"Cupboard, pre-restoration. Photo: Randy Bohn.",,,Copystand image,,,Yes,Yes,Yes,
141212_mia329_5043313.tif,141212_mia329_5043313.tif,2004.195,"Cabinet, pre-restoration. Photo: Randy Bohn",,,Copystand image,,,Yes,Yes,Yes,
The_Frankfurt_Kitchen.jpg,2014_TDX_MIAArtStories_321.tif,2004.195,"Originally designed by Architect, Margarete Schütte-Lihotzky
The Frankfurt Kitchen
Museum of Modern Art, New York.", Photograph by Jonathan Savoie,,http://commons.wikimedia.org/wiki/File:The_Frankfurt_Kitchen.jpg,MOMA,,Yes,Yes,Yes,
2048px-Frankfurter-kueche-vienna.JPG,2014_TDX_MIAArtStories_315.tif,2004.195,"Margarete Schütte-Lihotzky
Frankfurt Kitchen, 1926. ","

© MAK – Austrian Museum of Applied Arts / Contemporary Art.

",,http://www.mak.at/jart/prj3/mak/main.jart?rel=en&j-dummy=reserve&content-id=1343388632778&article_id=1339957568483&media_id=1350932656310&reserve-mode=reserve,,,Yes,Yes,Yes,
mia_6018940.tif,N/A,38.39,"Jean-Baptiste Monnoyer and collaborators, French, 1636-99
Royal Beauvais Manufactory under Philippe Behagle, Weaver
The Camel, designed 1686-88 (woven 1688-95)
Wool, silk; tapestry weave
The William Hood Dunwoody Fund, 38.39",,,,,,Yes,Yes,Yes,
1024px-MarmoCipollino_FustoBasMassenzioRoma.jpg,2014_TDX_MIAArtStories_322.tif,38.39,Sample of gradual change of color within marble.,,,http://commons.wikimedia.org/wiki/File:MarmoCipollino_FustoBasMassenzioRoma.jpg,,,Yes,Yes,Yes,
Giovanni_Gherardi_detto_Flautino.jpg,2014_TDX_MIAArtStories_324.tif,38.39,"Nicolas Bonnart, French, 1636-1718
Flautin, stage name of the actor Giovanni Gherardi (early 1600-1683)
Copper engraving 
9 x 7 in. ",Photo by DeAgostini/Getty Images,,http://it.wikipedia.org/wiki/Giovanni_Gherardi_%28attore%29#mediaviewer/File:Giovanni_Gherardi_detto_Flautino.jpg,,,Yes,Yes,Yes,
Hanging4.jpg,2014_TDX_MIAArtStories_325.tif,38.39,The tapestry is carried up the large staircase in the Museum's Great Hall.,The Metropolitan Museum of Art,,http://www.metmuseum.org/exhibitions/listings/2014/grand-design/blog/posts/hanging-the-tapestries,,,Yes,Yes,Yes,
plate_26_13_1.jpe,2014_TDX_MIAArtStories_436.tif,38.39,"Image of many individuals in a busy tapestry
workshop.","

Diderot
Encyclopedia

",,https://images.search.yahoo.com/images/view;_ylt=AwrTcXg8KRBVijkAEWOJzbkF;_ylu=X3oDMTIyMTN0b201BHNlYwNzcgRzbGsDaW1nBG9pZAMyNjUwNjI1YWIxYWE2YzdkYjU2YTY5NjRkNDBlNTdhOARncG9zAzYEaXQDYmluZw--?.origin=&back=https%3A%2F%2Fimages.search.yahoo.com%2Fyhs%2Fsearch%3Fp%3DDIDEROT%2BENCYCLOPEDIE%2BTAPESTRY%26fr2%3Dpiv-web%26hsimp%3Dyhs-001%26hspart%3Dmozilla%26tab%3Dorganic%26ri%3D6&w=1229&h=991&imgurl=artflx.uchicago.edu%2Fimages%2Fencyclopedie%2FV26%2Fplate_26_13_1.jpeg&rurl=http%3A%2F%2Fquod.lib.umich.edu%2Fd%2Fdid%2Fdid2222.0001.616%3Frgn%3Dmain%3Bview%3Dfulltext&size=370.4KB&name=Plate+II%3A+Gobelin+High+Warp+%3Cb%3ETapestry%3C%2Fb%3E%2C+Geometral+Proportions+of+the+...&p=DIDEROT+ENCYCLOPEDIE+TAPESTRY&oid=2650625ab1aa6c7db56a6964d40e57a8&fr2=piv-web&fr=&tt=Plate+II%3A+Gobelin+High+Warp+%3Cb%3ETapestry%3C%2Fb%3E%2C+Geometral+Proportions+of+the+...&b=0&ni=21&no=6&ts=&tab=organic&sigr=127epn6sk&sigb=144in253d&sigi=11ud3b47q&sigt=12dp3f42v&sign=12dp3f42v&.crumb=v66J9a20d83&fr2=piv-web&hsimp=yhs-001&hspart=mozilla,,,Yes,Yes,Yes,
fig7.jpg,2014_TDX_MIAArtStories_323.tif,38.39,Weaver at loom.,"

Diderot
Encyclopedia

",,https://www.google.com/search?q=high-warp+loom&client=firefox-a&hs=KIs&rls=org.mozilla:en-US:official&channel=sb&tbm=isch&tbo=u&source=univ&sa=X&ei=Rxm4VPfqH_S_sQTD9YHQDQ&ved=0CB8QsAQ&biw=1280&bih=778#imgdii=NdOudUxJLpT4eM%3A%3BFLOCQGWkXM6umM%3BNdOudUxJLpT4eM%3A&imgrc=NdOudUxJLpT4eM%253A%3BFG_b-ZyZ7kS8SM%3Bhttp%253A%252F%252Fwww.artic.edu%252Faic%252Fcollections%252Ffiles%252Faic%252Flow_warp.jpg%3Bhttp%253A%252F%252Fwww.artic.edu%252Faic%252Fcollections%252Fexhibitions%252Fdivineart%252Ftapdesign%3B250%3B206,,,Yes,Yes,Yes,
150120_mia329_5043704.tif,2014_TDX_MIAArtStories_423.tif,38.39,"Each color in a tapestry requires a seperate weft. Using the slit technique, a weaver can work on one area of the design at a time unevenly in the loom.","

Diderot
Encyclopedia

",,,,,Yes,Yes,Yes,In Share
150120_mia329_5043708.tif,2014_TDX_MIAArtStories_424.tif,38.39,"Several weavers are at work on one tapesty.
","



Diderot
Encyclopedia

",,,,,Yes,Yes,Yes,In Share
"mia_6021290.tif
",N/A,2014.105,"Austrian
Halberd, 1527-47
Metal, wood
85 × 10 1/4 × 1 1/2 in.
Gift of Tom Rassieur in honor of Lynn and Frank Rassieur, 2014.105

",© 2014 Minneapolis Institute of Arts,,,,,Yes,Yes,Yes,
Flag_of_Cross_of_Burgundy.svg,2014_TDX_MIAArtStories_331.tif,2014.105,Crossed staves.,,,http://upload.wikimedia.org/wikipedia/commons/f/f5/Flag_of_Cross_of_Burgundy.svg,,,Yes,Yes,Yes,
Ströhl-Rangkronen-Fig._42.png,2014_TDX_MIAArtStories_336.tif,2014.105,"This coronet is a Herzogskrone, or duke’s crown.  ",,,"
http://upload.wikimedia.org/wikipedia/commons/6/6b/Str%C3%B6hl-Rangkronen-Fig._42.png",,,Yes,Yes,Yes,
Ströhl-Rangkronen-Fig._03.png,2014_TDX_MIAArtStories_335.tif,2014.105,"This coronet is a Herzogskrone, or duke’s crown.  ",,,http://upload.wikimedia.org/wikipedia/commons/5/5b/Str%C3%B6hl-Rangkronen-Fig._03.png ,,,Yes,Yes,Yes,
Wien_Hofburg_Neue_Burg_Heldenplatz.jpg,Weltliche_Schatzkammer_Wien_(80).JPG,2014.105,House of Habsburg.,,,http://upload.wikimedia.org/wikipedia/commons/0/01/Wien_Hofburg_Neue_Burg_Heldenplatz.jpg ,,,Yes,Yes,Yes,
2048px-Imperial_Crown_Orb_and_Sceptre_of_Austria_(Imperial_Treasury).jpg,2014_TDX_MIAArtStories_327.tif,2014.105,Austrian crown jewels.,,,http://commons.wikimedia.org/wiki/File:Imperial_Crown_Orb_and_Sceptre_of_Austria_%28Imperial_Treasury%29.jpg,,,Yes,Yes,Yes,
Geistlische_Schatzkammer_Wien_(4).JPG,2014_TDX_MIAArtStories_332.tif,2014.105,The Ecclesiastical Treasury.,,,http://upload.wikimedia.org/wikipedia/commons/d/d1/Geistlische_Schatzkammer_Wien_%284%29.JPG,,,Yes,Yes,Yes,
Weltliche_Schatzkammer_Wien_(80).JPG,2014_TDX_MIAArtStories_337.tif,2014.105,Cradle of the King of Rome.,,,http://commons.wikimedia.org/wiki/File:Weltliche_Schatzkammer_Wien_%2880%29.JPG ,,,Yes,Yes,Yes,
IMG_0119_-_Wien_-_Schatzkammer_-_2860-carat_Columbian_Emerald.JPG,2014_TDX_MIAArtStories_333.tif,2014.105,"



 

Cradle
of the King of Rome.



",,,http://upload.wikimedia.org/wikipedia/commons/3/36/IMG_0119_-_Wien_-_Schatzkammer_-_2860-carat_Columbian_Emerald.JPG ,,,Yes,Yes,Yes,
Ainkhürn.jpg,2014_TDX_MIAArtStories_328.tif,2014.105,Ainkhürn (horn of a unicorn).,,,http://upload.wikimedia.org/wikipedia/en/4/49/Ainkh%C3%BCrn.jpg,,,Yes,Yes,Yes,
1024px-Achatschale_1.JPG,2014_TDX_MIAArtStories_326.tif,2014.105,Agate Bowl.,,,http://en.wikipedia.org/wiki/File:Achatschale_1.JPG,,,Yes,Yes,Yes,
Andreas_Moeller_-_Erzherzogin_Maria_Theresia_-_Kunsthistorisches_Museum.jpg,2014_TDX_MIAArtStories_329.tif,2014.105,"Andreas Möller, 1684 Copenhagen-possibly 1762 Berlin
Maria Theresa as a Child, Vienna, c. 1727
Canvas
37 x 29.5 in.
Kunsthistorisches Museum, GG 2115

",,,http://upload.wikimedia.org/wikipedia/commons/e/eb/Andreas_Moeller_-_Erzherzogin_Maria_Theresia_-_Kunsthistorisches_Museum.jpg,,Kunsthistorisches Museum,Yes,Yes,Yes,
Mária_Terézia_koronázása_a_Szent_Márton_székesegyházban.jpg,2014_TDX_MIAArtStories_334.tif,2014.105,"Maria Theresa coronation, 1741.",,,http://upload.wikimedia.org/wikipedia/commons/6/68/M%C3%A1ria_Ter%C3%A9zia_koron%C3%A1z%C3%A1sa_a_Szent_M%C3%A1rton_sz%C3%A9kesegyh%C3%A1zban.jpg,,,Yes,Yes,Yes,
Europe_1748-1766_en.png,2014_TDX_MIAArtStories_330.tif,2014.105,Map of Europe.,,,http://upload.wikimedia.org/wikipedia/commons/b/bf/Europe_1748-1766_en.png ,,,Yes,Yes,Yes,
mia_1024504.tif,N/A,2014.105,"Johann Friedrich Baer, French, 1721-1795
Masterpiece cup and cover, 1746
Silver, parcel-gilt inside
14 11/16 x 5 7/8 x 5 1/4 in.
Gift of funds from Mary Agnes and Al McQuinn, 2010.11.1a-c
detail: battle scene",© 2014 Minneapolis Institute of Arts,71,,,,Yes,Yes,Yes,
vesuvio1.jpg,2014_TDX_MIAArtStories_413.tif,,"Vesuvius erupting, as depicted on an old postcard.",,,http://www.minervaclassics.com/quotat11.htm,,,Yes,Yes,Yes,ObjectID?
225.jpg,2014_TDX_MIAArtStories_413.tif,,"The Antiquities of Herculaneum, Volume I, pg. 225.",,,http://digi.ub.uni-heidelberg.de/diglit/ercolano1757bd1/0237,,,Yes,Yes,Yes,ObjectID?
st.jpg,2014_TDX_MIAArtStories_414.tif,,"Greek
Grave stele of Paramythion, , c. 380-370 B.C.E. 
Staatliche Antikensammlungen und Glyptothek, Munich ",,,http://harvardmagazine.com/2007/11-images/st.jpg,,"Staatliche Antikensammlungen und Glyptothek, Munich ",Yes,Yes,Yes,ObjectID?
20001025_mia341_0661.tif,20001025_mia341_0661.tif,2000.166a-h,"Meads and Alvord, American 
Desk and bookcase, c. 1832-34
Mahogany, pine, tulip, brass, glass
84 13/16 x 51 x 25 in.
Gift of the Decorative Arts Council, 2000.166a-h

",,,,,,Yes,Yes,Yes,
mia_5000664.tif,mia_5000664.tif,58.28,"Nicolas Poussin, French, 1594-1665
The Death of Germanicus, 1627
Oil on canvas
58 1/4 x 78 in.
The William Hood Dunwoody Fund, 58.28",© 2014 Minneapolis Institute of Arts,,,,,Yes,Yes,Yes,
1998 installation resized.jpg,20150427_mia329_000003.tif,67.58.7,"MacFarlane Memorial Room, furnished view 1998-2015. Gift of funds from Mrs. W.C. MacFarlane and Wayne H. MacFarlane in memory of Warren C. MacFarlane 67.58.7 
",© 2014 Minneapolis Institute of Arts,,,,,Yes,Yes,Yes,
"

mia_6022058.tif","

mia_6022058.tif",67.58.7,"Wallpaper, China, in the late 1700s or early 1800s, pigments on paper, Gift of funds from Mrs. W.C. MacFarlane and Wayne H. MacFarlane in memory of Warren C. MacFarlane 67.58.7

",© 2014 Minneapolis Institute of Arts,,,,,Yes,Yes,Yes,
"

100720_mia341_133600.jpg

","

100720_mia341_133600.jpg

",96.124.1a-l  ,"China, Folding Screen, Qing dynasty, late 17th century, Huang-hua-li hardwood, ink and colors on silk, Gift of Ruth and Bruce Dayton  96.124.1a-l 

This monumental 12-panel screen in the MIA’s collection also depicts a celebration in a Chinese garden. Panoramic screens were fashionable backdrops for formal gatherings in China during the Kangxi reign (1662–1722).",© 2014 Minneapolis Institute of Arts,,,,,Yes,Yes,Yes,
mia_1015250.tif,mia_1015250.tif,99.22.5,"Whoever painted the MIA’s wallpaper shared a landscape painting style with Chinese artists in the 17th-18th centuries, such as Jin Yongxi, who painted this scene for a portfolio of landscapes featuring prominent mountain and rock formations. 

Jin Yongxi, China, active 1695–1717, Landscape in Song-Yuan Style, from an album of twelve, 1723, ink and colors on paper, Gift of Ruth and Bruce Dayton, 99.22.5",© 2014 Minneapolis Institute of Arts,,,,,Yes,Yes,Yes,
"

mia_6022061.tif","

mia_6022061.tif",67.58.7,"South wall detail, center section.",© 2014 Minneapolis Institute of Arts,,,,,Yes,Yes,Yes,
PCD20010521_3930_IMG0036.tif,PCD20010521_3930_IMG0036.tif,"42.8.126.a,b","This was armor for actors, not battle, an exaggerated take on warrior wear that resembles the costume sported on the central stage in this scene. 

Theatrical jacket and skirt, Kangxi period, 1662–1722, satin, The John R. Van Derlip Fund, 42.8.126.a,b",© 2014 Minneapolis Institute of Arts,,,,,Yes,Yes,Yes,
"

mia_6022061.tif","

mia_6022061.tif",67.58.7,"South wall detail, center section.",© 2014 Minneapolis Institute of Arts,,,,,Yes,Yes,Yes,
mia_6022058.tif,mia_6022058.tif,67.58.7,"South Wall, overview, Wallpaper, China, in the late 1700s or early 1800s, pigments on paper, Gift of funds from Mrs. W.C. MacFarlane and Wayne H. MacFarlane in memory of Warren C. MacFarlane 67.58.7",© 2014 Minneapolis Institute of Arts,,,,,Yes,Yes,Yes,
Zuckerrohrkauf_Sanya_20090107.jpg,150504_mia329_000002.tif,67.58.7,Cut sugar cane.,,,https://commons.wikimedia.org/wiki/File:Zuckerrohrkauf_Sanya_20090107.jpg,,,Yes,Yes,Yes,
"

mia_24187b_002.tif

","

mia_24187b_002.tif

","
91.5.6 (left) and 91.5.5 (right)","These 19th-century fan cases would have held the same types of folding fans that are featured in the wallpaper scenes. Fan cases, China, 19th century, silk, embroidery, metallic threads, glass beads, The Miscellaneous Works of Art Purchase Fund, 91.5.6 (left) and 91.5.5 (right) ",© 2014 Minneapolis Institute of Arts,,,,,Yes,Yes,Yes,JL Cropped - 05/04/2015
"

PCD19981214_3659_IMG0022.tif

","

PCD19981214_3659_IMG0022.tif

",98.169.1,"Wu Changshuo, Chinese, 1844–1927, and Zhang Bingling, 1864–1936, fan, 19th century, Qing dynasty, Ink and
colors on paper, wood, Gift of Ruth and Bruce Dayton 98.169.1

",© 2014 Minneapolis Institute of Arts,,,,,Yes,Yes,Yes,
"

mia_6022052.tif

","

mia_6022052.tif

",67.58.7,"East wall detail, center section.",© 2014 Minneapolis Institute of Arts,,,,,Yes,Yes,Yes,
"

100629_mia341_161000.tif

","

100629_mia341_161000.tif

","2000.157.4
","Making noise on New Year’s goes way back, well beyond the wallpaper partiers and the folks in this detail of a painting, ringing in the New Year with drums, cymbals, and firecrackers. Such paintings were themselves displayed as part of the festivities. 

Wang Rusheng, Chinese, Greeting the New Year, ink and colors on paper, Gift of Ruth and Bruce Dayton, 2000.157.4 (detail)",© 2014 Minneapolis Institute of Arts,,,,,Yes,Yes,Yes,
mia_6022048.tif,mia_6022048.tif,67.58.7,"East Wall detail, left section.",© 2014 Minneapolis Institute of Arts,,,,,Yes,Yes,Yes,
mia_1015250.tif,mia_1015250.tif,99.22.5,"Jin Yongxi, China, active 1695-1717, Landscape in Song-Yuan Style, from an album of twelve, 1723, ink and colors on paper, Gift of Ruth and Bruce Dayton, 99.22.5",© 2014 Minneapolis Institute of Arts,,,,,Yes,Yes,Yes,
"

mia_6022080.tif","

mia_6022080.tif",67.58.7,"North wall, center section.",© 2014 Minneapolis Institute of Arts,,,,,Yes,Yes,Yes,
mia_6022046.tif,mia_6022046.tif,67.58.7,"North wall, right section.

",© 2014 Minneapolis Institute of Arts,,,,,Yes,Yes,Yes,
Caridina-cf-cantonensis-blue-bolt.jpg,150504_mia329_000001.tif,67.58.7,Blue shrimp.,,,https://commons.wikimedia.org/wiki/File:Caridina-cf-cantonensis-blue-bolt.jpg,,,Yes,Yes,Yes,
mia_6022078.tif,mia_6022078.tif,67.58.7,"Detail of North wall showing Daoist immortals Lan Caihe and He Xiangu at left and Cao Guojiu at right.
",© 2014 Minneapolis Institute of Arts,,,,,Yes,Yes,Yes,
"

mia_6022075.tif

","

mia_6022075.tif

",67.58.7,"West Wall, right section.",© 2014 Minneapolis Institute of Arts,,,,,Yes,Yes,Yes,
PCD20010521_3928_IMG0022-2.tif,PCD20010521_3928_IMG0022-2.tif,"42.8.342
","This tapestry shows a classic scene from Daoist mythology, the birthday party given for Xi Wangmu, Queen Mother of the West, attended by the Eight Immortals in the lower section.

Pictorial Hanging Illustrating the Feast of Peaches, late 18th century, silk tapestry, The John R. Van Derlip Fund 42.8.342 ",© 2014 Minneapolis Institute of Arts,,,,,Yes,Yes,Yes,
"

mia_6022072.tif","

mia_6022072.tif",67.58.7,"West Wall, center section.",© 2014 Minneapolis Institute of Arts,,,,,Yes,Yes,Yes,combine?
mia_6022070.tif,mia_6022070.tif,67.58.7,"West Wall, left section.

",© 2014 Minneapolis Institute of Arts,,,,,Yes,Yes,Yes,combine?
mia_6022076.tif,mia_6022076.tif,,West wall.,© 2014 Minneapolis Institute of Arts,,,,,Yes,Yes,Yes,combined!!!
PCD19981229_3706_IMG0009.jpg,PCD19981229_3706_IMG0009.jpg,"93.5.2
","The earliest Chinese fans were round, like this one from about 1300. It’s decorated with an exceptionally realistic and colorful painting of a finch focused on a moth, its next meal. 

Finch on a Citrus Branch, China, c. 1300, ink and colors on silk, Gift of Joan Wuertle, 93.5.2 

",© 2014 Minneapolis Institute of Arts,,,,,Yes,Yes,Yes,
100726_mia341_150836.jpg,100726_mia341_150836.jpg,"82.110.4a,b","Coffee pot from a coffee set, China, c. 1760, porcelain, Gift of Louise J. Drews in memory of her parents Margaret and Carson Jamieson 82.110.4a,b



",© 2014 Minneapolis Institute of Arts,,,,,Yes,Yes,Yes,
100728_mia341_135228.jpg,100728_mia341_135228.jpg,94.86.3,"The earliest porcelain exported from China to the West was blue and white, and set off a collecting craze among Europeans. Westerners commissioned plates with their family crests applied to the porcelain. 

Armorial plate with combined coats of arms of the Peers of Baraud and Maraschal of Forez families of France, China, c. 1750, porcelain, Gift of Leo A. and Doris Hodroff, 94.86.3

",© 2014 Minneapolis Institute of Arts,,,,,Yes,Yes,Yes,
mia_5037079.tif,mia_5037079.tif,2005.159.4,"Chinese porcelain artists were asked to decorate this plate using an engraving by Henry Bonnart II (French, 1642–1711) as an example, making the musicians appear European while the ovals feature idyllic scenes of rural China. 

“The Concert” dish, c. 1700, porcelain, Gift of Leo and Doris Hodroff, MIA 2005.159.4

",© 2014 Minneapolis Institute of Arts,,,,,Yes,Yes,Yes,
150417_mia329_000002.tif,150417_mia329_000002.tif,67.58.7,"“Chinese Chairs,” plate XXVII, Thomas Chippendale, The Gentleman and Cabinet-Makers Director, Third edition, London, 1762

",,,,,,Yes,Yes,Yes,
150417_mia329_000001.tif,150417_mia329_000001.tif,67.58.7,"Chippendale hit all the marks with this pagoda-shaped “china” cabinet, meant to store Chinese or European porcelain, in the Chinese taste. 

“China Case,” plate CXXXIV, Thomas Chippendale, The Gentleman and Cabinet-Makers Director, Third edition, London, 1762

",,,,,,Yes,Yes,Yes,
Early installation resized.jpg,150427_mia329_000005.tif,67.58.7,"The MIA set up the MacFarlane Memorial Room in the 1970s as a memorial from Mabel MacFarlane in memory of her son. It came to look like this around 1980, with the wallpaper that Mabel purchased in 1967 from a New York dealer and assorted Federal-style furniture.",© 2014 Minneapolis Institute of Arts,,,,,Yes,Yes,Yes,
mia_6022109.tif,mia_6022109.tif,67.58.7,"Wallpaper, China, in the late 1700s or early 1800s, pigments on paper, Gift of funds from Mrs. W.C. MacFarlane and Wayne H. MacFarlane in memory of Warren C. MacFarlane 67.58.7",© 2014 Minneapolis Institute of Arts,,,,,Yes,Yes,Yes,crop
"

mia_6022061.tif

","

mia_6022061.tif

",67.58.7,South Wall detail.,© 2014 Minneapolis Institute of Arts,,,,,Yes,Yes,Yes,crop
mia_1003744.tif,mia_1003744.tif,2006.44.3,"Kang Tao, Chinese, The Singer Su Xiaoxiao, 1746, ink and light colors on paper, Gift of Ruth and Bruce Dayton 2006.44.3

",© 2014 Minneapolis Institute of Arts,,,,,Yes,Yes,Yes,
"1998
installation resized.jpg",150427_mia329_000004.tif,67.58.7,"MacFarlane Memorial Room, furnished view 1998-2015. Gift of funds from Mrs. W.C. MacFarlane and Wayne H. MacFarlane in memory of Warren C. MacFarlane 67.58.7 

",© 2014 Minneapolis Institute of Arts,,,,,Yes,Yes,Yes,
_JIM0027.tif,150427_mia329_000001.tif,67.58.7,"Chinese Parlor at Winterthur, Delaware, showing Chinese export wallpaper from c. 1800, installed in 1928. 
","Winterthur, Delaware",,"Winterthur, Delaware","emailed 4/21-df
Snewto@winterthur.org",,Yes,Yes,Yes,
"_JIM0062.tif
",150427_mia329_000002.tif,67.58.7,"Chinese Parlor at Winterthur, Delaware, detail, showing Chinese export wallpaper from c. 1800, installed in 1928. ","Winterthur, Delaware",,"Winterthur, Delaware","emailed 4/21-df
Snewto@winterthur.org",,Yes,Yes,Yes,
"

mia_6022046.tif

","

mia_6022046.tif

",67.58.7,"North wall, right section showing edges of paper with linen backing.
",© 2014 Minneapolis Institute of Arts,,,,,Yes,Yes,Yes,
mia_6022115.tif,mia_6022115.tif,67.58.7,"North wall, detail above mantel, showing collage of wallpaper pieces and inpainted area near ceiling.

",© 2014 Minneapolis Institute of Arts,,,,,Yes,Yes,Yes,

