"file","desc","exifDesc","credit","exifCredit"
"2014_TDX_MIAArtStories_231.tif",null,null,"",
"2014_TDX_MIAArtStories_250.tif","Osage Ancestral Territory map","Osage Ancestral Territory map.","",
"2014_TDX_MIAArtStories_240.tif","Map of Traditional Osage Tribal Lands by late 17th century","Map of Traditional Osage Tribal Lands by late 17th century.","",
"2014_TDX_MIAArtStories_239.tif","An Osage Warrior","An Osage Warrior.",null,null
"2014_TDX_MIAArtStories_235.tif","Caribou","Caribou.",null,null
"2014_TDX_MIAArtStories_255.tif","Tools for making a hunting coat","Tools for making a hunting coat.","",
"2014_TDX_MIAArtStories_237.tif","Woman sewing caribou hide","Woman sewing caribou hide.",null,null
"2014_TDX_MIAArtStories_241.tif","Map showing Andean gold mines/production centers\nand/or movement northward","Map showing Andean gold mines/production centers\nand/or movement northward.",null,null
"2014_TDX_MIAArtStories_254.tif","Diagram of tumbaga","Diagram of tumbaga.","http://www.penn.museum/sites/expedition/confounding-the-conquistadors/",
"2014_TDX_MIAArtStories_233.tif","The last Inca king, Atahualpa","The last Inca king, Atahualpa.",null,null
"2014_TDX_MIAArtStories_251.tif","Djene, Mali, Horse and Rider ","Djene, Mali, Horse and Rider .","Photo by Jamison Miller © Nelson-Atkins Museum","Nelson-Atkins Museum"
"2014_TDX_MIAArtStories_236.tif","Necklace","Necklace.",null,null
"2014_TDX_MIAArtStories_232.tif","Berber Warriors Show","Berber Warriors Show.","© 2006 Notwist ","© 2006 Notwist"
"2014_TDX_MIAArtStories_238.tif","Eliot Elisofon, Veranda posts installed in the courtyard of the Palace, Effon-Alaiye,\nNigeria, 1970","Eliot Elisofon, Veranda posts installed in the courtyard of the Palace, Effon-Alaiye, Nigeria, 1970.","Eliot Elisofon Photographic Archives, National\nMuseum of African Art","Eliot Elisofon Photographic Archives, National Museum of African Art"
"2014_TDX_MIAArtStories_252.tif",null,null,"Image courtesy of the British Library. The original is\nheld by the Bibliothèque Nationale, Paris","Image courtesy of the British Library. The original is held by the Bibliothèque Nationale, Paris"
"2014_TDX_MIAArtStories_253.tif","Men riding horses at the Durbar festival","Men riding horses at the Durbar festival.",null,null
"2014_TDX_MIAArtStories_063.tif",null,null,"",
"2014_TDX_MIAArtStories_075.tif","""Alfred Ford (Ambarisha Das) puja ISKCON Tirupati 2007"" by Ilya Mauter - Own work. Licensed under Creative Commons Attribution-Share Alike 3.0 via Wikimedia Commons - http://commons.wikimedia.org/wiki/File:Alfred_Ford_(Ambarisha_Das)_puja_ISKCON_Tirupati_2007.JPG#mediaviewer/File:Alfred_Ford_(Ambarisha_Das)_puja_ISKCON_Tirupati_2007.JPG","","","""Alfred Ford (Ambarisha Das) puja ISKCON Tirupati 2007"" by Ilya Mauter - Own work. Licensed under Creative Commons Attribution-Share Alike 3.0 via Wikimedia Commons - http://commons.wikimedia.org/wiki/File:Alfred_Ford_(Ambarisha_Das)_puja_ISKCON_Tirupati_2007.JPG#mediaviewer/File:Alfred_Ford_(Ambarisha_Das)_puja_ISKCON_Tirupati_2007.JPG"
"2014_TDX_MIAArtStories_076.tif",null,null,"Ragamala Dance",
"2014_TDX_MIAArtStories_085.tif",null,null,"Tim Rummelhoff, Ragamala Dance","Tim Rummelhoff"
"2014_TDX_MIAArtStories_072.tif","One yoga text, the Siddha Siddhanta Paddhati, describes nine chakras, shown painted on the body of a yogic practitioner.   ","One yoga text, the Siddha Siddhanta Paddhati, describes nine chakras, shown painted on the body of a yogic practitioner."," The Chakras of the Subtle Body, Folio 4 from the Siddha Siddhanta Paddhati Bulaki. India, Rajasthan, Jodhpur, dated 1824. Opaque watercolor and gold on paper, 122x 46 cm. Mehrangarh Museum Trust, RJS2376.","The Chakras of the Subtle Body, Folio 4 from the Siddha Siddhanta Paddhati Bulaki. India, Rajasthan, Jodhpur, dated 1824. Opaque watercolor and gold on paper, 122x 46 cm. Mehrangarh Museum Trust, RJS2376."
"2014_TDX_MIAArtStories_097.tif","Exterior and interior of a Yogini temple in Hirapur, Orissa, ca. 9th or 10th century ","Exterior and interior of a Yogini temple in Hirapur, Orissa, ca. 9th or 10th century",null,null
"2014_TDX_MIAArtStories_175.tif",null,null,"Installation view of YOGA: The Art of Transformation, 2014, Asian Art Museum, San Francisco. Image © Asian Art Museum, San Francisco."," Image © Asian Art Museum, San Francisco."
"2014_TDX_MIAArtStories_074.tif","""Tribal fantasy in Gujarat; Hodka village - Harijan or Meghwal tribal people"" RUDI ROELS – BELGIUM","Tribal fantasy in Gujarat; Hodka village - Harijan or Meghwal tribal people.",null,null
"2014_TDX_MIAArtStories_177.tif","Kirtimukha at Amruteshvara temple at Annigeri in the Dharwad district in Karnataka state, India. ","Kirtimukha at Amruteshvara temple at Annigeri in the Dharwad district in Karnataka state, India.",null,null
"2014_TDX_MIAArtStories_100.tif","",,null,null
"2014_TDX_MIAArtStories_375.tif","The Fergana region in present-day Uzbekistan. ","Giuseppe Castiglione - National Palace Museum in Taipei; This painting is one of Giuseppe Castiglione's Afghan Four Steeds, features a horse named Laiyuanliu (徕远骝, literally Far-flung Bay).","By Uwe Dedering (Own work) [CC BY-SA 3.0 (http://creativecommons.org/licenses/by-sa/3.0) or GFDL (http://www.gnu.org/copyleft/fdl.html)], via Wikimedia Commons","Giuseppe Castiglione [Public domain], via Wikimedia Commons"
"2014_TDX_MIAArtStories_376.tif","Giuseppe Castiglione - National Palace Museum in Taipei; This painting is one of Giuseppe Castiglione's Afghan Four Steeds, features a horse named Laiyuanliu (徕远骝, literally Far-flung Bay).","Vincent van Gogh (Dutch, 1853–1890)\nThe Starry Night, 1889\nOil on canvas\n29 x 36 1/4"""" (73.7 x 92.1 cm)\nAcquired through the Lillie P. Bliss Bequest\n472.1941\nThe Museum of Modern Art","Giuseppe Castiglione [Public domain], via Wikimedia Commons","© The Museum of Modern Art / Licensed by SCALA /  Art Resource, NY"
"2014_TDX_MIAArtStories_098.tif","",,null,null
"2014_TDX_MIAArtStories_108.tif","",,null,null
"2014_TDX_MIAArtStories_110.tif","","Portrait of Su Shi, from WanxiaoTang huazhuan (Pictorial biography of great Chinese) by Shangguan Zhou (b. 1665), published in 1743. {{PD-old-70}}"," Portrait of Su Shi, from WanxiaoTang huazhuan (Pictorial biography of great Chinese) by Shangguan Zhou (b. 1665), published in 1743. {{PD-old-70}}",
"2014_TDX_MIAArtStories_112.tif","","An 18th-century embroidered Chinese emperor's robe. Reproduced in: Anthony Christie, ""Chinese Mythology"", 1983, p. 63, {{PD-old-70}}","An 18th-century embroidered Chinese emperor's robe. Reproduced in: Anthony Christie, ""Chinese Mythology"", 1983, p. 63, {{PD-old-70}}",
"2014_TDX_MIAArtStories_099.tif"," ""Conquest of the defence tower at the Luobowa mountain"", a scene of the Jinchuan Campaign 1771-1776","""Conquest of the defence tower at the Luobowa mountain"", a scene of the Jinchuan Campaign 1771-1776",null,null
"2014_TDX_MIAArtStories_101.tif",null,null,"Feng Chengsu (馮承素) [Public domain], via Wikimedia Commons","A copy of Wang Xizhi’s Lanting jixu by Feng Chengsu (617-672), collection of the Palace Museum, Beijing [Public domain], via Wikimedia Commons"
"2014_TDX_MIAArtStories_105.tif","Giuseppe Castiglione [Public domain], via Wikimedia Commons",,"",
"2014_TDX_MIAArtStories_107.tif","By A collaboration between Chinese and European painters. The Jesuit missionaries involved in producing the drawings in China were Giuseppe Castiglione, Jean-Denis Attiret, Ignace Sichelbart and Jean Damascene. The engravings were executed in Paris under the direction of Charles-Nicolas Cochin of the Académie Royal at the Court of Louis XVI and the individual engravers include Le Bas, Aliamet, Prevot, Saint-Aubin, Masquelier, Choffard, and Launay. (http://www.battle-of-qurman.com.cn/e/hist.htm) [Public domain], via Wikimedia Commons",,"",
"2014_TDX_MIAArtStories_109.tif",null,null,"",
"2014_TDX_MIAArtStories_111.tif",null,null,"",
"2014_TDX_MIAArtStories_182.tif",null,null,"The Metropolitain Museum of Art","""Fairies Descend to the Chamber of Prince Manohar"", Folio from a Gulshan-i 'Ishq (Rose Garden of Love)  ca. 1700, India, Deccan, Ink, opaque watercolor, gold, and silver on paper, H. 8 3/4 in. (22.3 cm); W. 5 5/8 in. (14.4 cm), The Metropolitain Museum of Art, Purchase, Friends of Islamic Art Gifts, 2011, 2011.183\tThe Metropolitain Museum of Art"
"PCD19990514_0035_IMG0030.tif","Raja Bikram Collecting the Clothes of the Bathing Fairies Folio from a Gulshan-i 'Ishq (Rose Garden of Love) Manuscript Nusrati of Bijapur early 18th century, ca. 1710 Opaque watercolors and gold on paper 15 1/4 x 8 7/8 in. (38.74 x 22.54 cm) (sheet) Origin: Probably Hyderabad, Andhra Pradesh, India, Asia The Katherine Kittredge McMillan Memorial Fund",,"© 2014 Minneapolis Institute of Arts",
"mia_5042228.tif","(detail) Raja Bikram Collecting the Clothes of the Bathing Fairies Folio from a Gulshan-i 'Ishq (Rose Garden of Love) Manuscript Nusrati of Bijapur early 18th century, ca. 1710 Opaque watercolors and gold on paper 15 1/4 x 8 7/8 in. (38.74 x 22.54 cm) (sheet) Origin: Probably Hyderabad, Andhra Pradesh, India, Asia The Katherine Kittredge McMillan Memorial Fund, 95.4.2",,"© 2014 Minneapolis Institute of Arts","Minneapolis Institute of Arts"
"2014_TDX_MIAArtStories_004.tif",null,null,"",
"2014_TDX_MIAArtStories_001.tif","Giuseppe Sammartino\nVeiled Christ, 1753,  \nMuseo Cappella Sansevero in Naples, Italy\n\n\n\n","Giuseppe Sammartino; Veiled Christ, 1753; Museo Cappella Sansevero in Naples, Italy","","© Massimo Velo"
"2014_TDX_MIAArtStories_002.tif"," \nAntonio Corradini\nModesty, 1752\nMuseo Cappella Sansevero in Naples, Italy\n\n","Antonio Corradini; Modesty, 1752; Museo Cappella Sansevero in Naples, Italy","","© Archivio Museo Cappella Sansevero"
"2014_TDX_MIAArtStories_003.tif","Francesco Queirolo \nDisillusion, 1753-54 \nMuseo Cappella Sansevero in Naples, Italy","Francesco Queirolo; Disillusion, 1753-54; Museo Cappella Sansevero in Naples, Italy","","© Archivio Museo Cappella Sansevero"
"2014_TDX_MIAArtStories_234.tif","Durham smoking tobacco","Image used in Verso Durham smoking tobacco","",
"2014_TDX_MIAArtStories_133.tif","Zoom of dentil border","Zoom of dentil border.","",
"2014_TDX_MIAArtStories_118.tif","Explosive flask","Explosive flask.","",
"2014_TDX_MIAArtStories_153.tif","Boat shuttle\n",,"",
"2014_TDX_MIAArtStories_113.tif","Balancing scale",,"",
"2014_TDX_MIAArtStories_139.tif","Farm Security Administration photo: chopping cotton Greene County Georga 1941\nLC-USF351-599 FSA/OWI Collection Prints and Photographs Division Library of Congress","Sharecropping cotton.","",
"2014_TDX_MIAArtStories_138.tif","Governor William McWillie\nof Mississippi","Governor William McWillie of Mississippi.","",
"2014_TDX_MIAArtStories_124.tif","Kirkwood Plantation probably looked quite like Dunleith, this well-preserved Greek-Revival\nplantation near Natchez, Mississippi. Photo from the Carol M. Highsmith Archive, Library of Congress, Prints\nand Photographs Division","Kirkwood Plantation probably looked quite like Dunleith, this well-preserved Greek-Revival plantation near Natchez, Mississippi. Photo from the Carol M. Highsmith Archive, Library of Congress, Prints and Photographs Division.","",
"2014_TDX_MIAArtStories_147.tif","Veduta della Piazza di Monte Cavallo, mid 18th century, Giovanni Battista Piranesi, Italian, 1720-78, Etching, 53,7 x 78,1 cm","Veduta della Piazza di Monte Cavallo, mid 18th century, Giovanni Battista Piranesi, Italian, 1720-78, Etching, 53,7 x 78,1 cm.","",
"2014_TDX_MIAArtStories_146.tif",null,null,"",
"2014_TDX_MIAArtStories_148.tif","The Süleymaniye Mosque, 1558, Istanbul,\nTurkey","The Süleymaniye Mosque, 1558, Istanbul, Turkey.","",
"2014_TDX_MIAArtStories_126.tif","Soldier Holding a Long Sword with Both Hands, from the series Figurine, ca. 1656–57, Salvator Rosa, Etching With Drypoint, 14 x 9.3 cm (image), 1963.30.37515","Soldier Holding a Long Sword with Both Hands, from the series Figurine, ca. 1656–57, Salvator Rosa, Etching With Drypoint, 14 x 9.3 cm (image), 1963.30.37515.","",
"2014_TDX_MIAArtStories_145.tif","Minerva and her Serpent, L. W. Yaggy and T. L. Haines, Museum of Antiquity (New York: Standard Publishing House, 1882) 530\nCourtesy the private collection of Roy Winkelman","Minerva and her Serpent, L. W. Yaggy and T. L. Haines, Museum of Antiquity (New York: Standard Publishing House, 1882) 530. Courtesy the private collection of Roy Winkelman.",null,null
"2014_TDX_MIAArtStories_150.tif","King of Italy (9 May 1946 – 12 June 1946), Umberto II, the Prince of Piedmont","King of Italy (9 May 1946 – 12 June 1946), Umberto II, the Prince of Piedmont.","",
"2014_TDX_MIAArtStories_119.tif","Tatra T77 (1934)","Tatra T77 (1934).","",
"2014_TDX_MIAArtStories_121.tif","1937 VW Beetle Prototype, with Ferdinand Porsche standing in front","1935 VW Beetle Prototype, with Ferdinand Porsche standing in front.","",
"2014_TDX_MIAArtStories_151.tif","1937 VW Beetle","1936 VW Beetle.","",
"2014_TDX_MIAArtStories_227.tif","1937 VW Beetle Prototype, with Ferdinand Porsche standing in front","1935 VW Beetle Prototype, with Ferdinand Porsche standing in front","",
"2014_TDX_MIAArtStories_116.tif","2014 Tatra Phoenix","2014 Tatra Phoenix.","",
"2014_TDX_MIAArtStories_131.tif","2014 VW Beetle A5","2014 VW Beetle A5.","",
"2014_TDX_MIAArtStories_149.tif","The Lane Motor Museum’s 1947 Tatra T87","The Lane Motor Museum’s 1947 Tatra T87.","",
"2014_TDX_MIAArtStories_142.tif",null,null,"",
"2014_TDX_MIAArtStories_225.tif",null,null,"",
"2014_TDX_MIAArtStories_228.tif",null,null,"",
"2014_TDX_MIAArtStories_226.tif",null,null,"",
"2014_TDX_MIAArtStories_222.tif","Pierre Edmé\nBabel, Study for a Cartouche, mid-18th\ncentury","Pierre Edmé\nBabel, Study for a Cartouche, mid-18th century","",
"2014_TDX_MIAArtStories_230.tif",null,null,"",
"2014_TDX_MIAArtStories_223.tif",null,null,"",
"2014_TDX_MIAArtStories_308.tif","Temple of Portunus, Rome, Italy ","Temple of Portunus, Rome, Italy.","",
"2014_TDX_MIAArtStories_309.tif","Orchestra\nHall in downtown Minneapolis","Orchestra Hall in downtown Minneapolis.","",
"2014_TDX_MIAArtStories_310.tif","Clinton Morrison, one of the Society’s founding members, donated his\nfamily estate, Villa Rosa","Clinton Morrison, one of the Society’s founding members, donated his family estate, Villa Rosa.","",
"2014_TDX_MIAArtStories_312.tif","“A Strategic Design for Washburn Park,” Plan of\nMinneapolis, p. 31\n\n“Proposed Park in Front of\nArt Institute and Diagonal Approach,” MIA Bulletin, August 1915, p. 80","“A Strategic Design for Washburn Park,” Plan of\nMinneapolis, p. 31","",
"2014_TDX_MIAArtStories_125.tif",null,null,"",
"2014_TDX_MIAArtStories_135.tif","Parte di ampio magnifico Porto \nall'uso degli antichi Romani (Part of a spacious magnificent harbor in \nthe manner of the ancient Romans), ca. 1749–50\nGiovanni Battista Piranesi (Italian, 1720–1778)\nEtching, first state before caption plate\nHarris Brisbane Dick Fund, 1937 (37.45.3.41)","Parte di ampio magnifico Porto  all'uso degli antichi Romani (Part of a spacious magnificent harbor in the manner of the ancient Romans), ca. 1749–50. Giovanni Battista Piranesi (Italian, 1720–1778). Etching, first state before caption plate. Harris Brisbane Dick Fund, 1937 (37.45.3.41).","",
"2014_TDX_MIAArtStories_134.tif","The Round Tower: Plate 3 of Carceri, ca. 1749–60\nGiovanni Battista Piranesi (Italian, 1720–1778)\nItalian\nEtching, engraving, sulphur tint or open bite, burnishing; 21 7/8 x 16 7/16 in. (55.6 x 41.8 cm)\nHarris Brisbane Dick Fund, 1937 (37.45.3(27))","The Round Tower: Plate 3 of Carceri, ca. 1749–60. Giovanni Battista Piranesi (Italian, 1720–1778). Italian. Etching, engraving, sulphur tint or open bite, burnishing; 21 7/8 x 16 7/16 in. (55.6 x 41.8 cm). Harris Brisbane Dick Fund, 1937 (37.45.3(27)).","",
"2014_TDX_MIAArtStories_137.tif","Gisele Bündchen, Brazilian fashion model","Gisele Bündchen, Brazilian fashion model.","",
"2014_TDX_MIAArtStories_120.tif","Tom Brady, American football quarterback for the New England Patriots","Tom Brady, American football quarterback for the New England Patriots.","",
"2014_TDX_MIAArtStories_224.tif",null,null,"",
"2014_TDX_MIAArtStories_130.tif","A male anatomical illustration from the 1921 German edition of Anatomie des Menschen: ein Lehrbuch für Studierende und","A male anatomical illustration from the 1921 German edition of Anatomie des Menschen: ein Lehrbuch für Studierende und Ärzte.","",
"2014_TDX_MIAArtStories_143.tif","Leonardo da Vinci \nThe Proportions of the Human Figure (Vitruvian Man)\n1490\nPen, ink and watercolour over metalpoint\nAccademia Gallery, Florence, Italy\n","Leonardo da Vinci. The Proportions of the Human Figure (Vitruvian Man) 1490. Pen, ink and watercolour over metalpoint. Accademia Gallery, Florence, Italy.","",
"2014_TDX_MIAArtStories_132.tif","David\nMichelangelo Buonarroti\nBetween 1501- 1504 (restored in 2003-2004)\nMarble\n16 feet and 11.15 inches\nAccademia Gallery, Florence, Italy\n\n","David. Michelangelo Buonarroti. Between 1501- 1504 (restored in 2003-2004). Marble,16 feet and 11.15 inches. Accademia Gallery, Florence, Italy","",
"2014_TDX_MIAArtStories_122.tif","Birth of Venus, 1482-85\nSandro Botticelli\ntempera on canvas\n172.5 cm × 278.9 cm (67.9 in × 109.6 in)\nUffizi Gallery, Florence\n\n","Birth of Venus, 1482-85. Sandro Botticelli. Tempera on canvas, 172.5 cm × 278.9 cm (67.9 in × 109.6 in). Uffizi Gallery, Florence.","",
"2014_TDX_MIAArtStories_141.tif","Jean-Auguste-Dominique Ingres (Montauban,1780-Paris, 1867) \nLa Grande Odalisque, 1814\nH. 0.91 m; W. 1.62 m\nAcquired in 1899 \nR.F. 1158\nLouvre, Paris, France      ","Jean-Auguste-Dominique Ingres (Montauban,1780-Paris, 1867). La Grande Odalisque, 1814. H. 0.91 m; W. 1.62 m. Acquired in 1899. R.F. 1158. Louvre, Paris, France.","",
"2014_TDX_MIAArtStories_140.tif","Designing for People, 1955, Henry\nDreyfuss","Designing for People, 1955, Henry Dreyfuss.","",
"2014_TDX_MIAArtStories_123.tif","The last ditch of the chivalry, or a President in petticoats. New York: Published by Currier & Ives, c. 1865.\nLibrary of Congress Prints and Photographs Division, Washington, D.C. 20540 USA\n","The last ditch of the chivalry, or a President in petticoats.","",
"2014_TDX_MIAArtStories_114.tif","The copperhead party—in favor of a vigorous prosecution of peace! Illus.\nin: Harper's weekly, v. 7, no. 322 (1863 February 28), p. 144. Library\nof Congress Prints and Photographs Division, Washington, D.C. 20540 USA \n","The copperhead party—in favor of a vigorous prosecution of peace!","",
"2014_TDX_MIAArtStories_115.tif","Hail! Glorious banner of our land Respectfully inscribed to Major General George B.\nMcClella—By Mrs. Mary Farrell Moore, Cincinnati, Ohio, July 4th 1861 / / T. Sinclair's\nLith, Philada. Library of Congress Prints and Photographs Division, Washington, D.C. 20540 USA\n\n\n\n","Hail! Glorious banner of our land Respectfully inscribed to Major General George B. McClella—By Mrs. Mary Farrell Moore, Cincinnati, Ohio, July 4th 1861 / / T. Sinclair's Lith, Philada.","",
"2014_TDX_MIAArtStories_136.tif","Dung Beetles","Dung Beetle","",
"2014_TDX_MIAArtStories_117.tif","American. Inkwell, 1882. Stoneware, 3 1/8 x 3 5/8 x 3 1/2 in. \n(7.9 x 9.2 x 8.9 cm). Brooklyn Museum, Gift of Arthur W. Clement, \n44.1.35. \n\n","American. Inkwell, 1882. Stoneware, 3 1/8 x 3 5/8 x 3 1/2 in. (7.9 x 9.2 x 8.9 cm). Brooklyn Museum, Gift of Arthur W. Clement, 44.1.35.","Creative Commons-BY",
"2014_TDX_MIAArtStories_186.tif","Farmer and Fruit Grower, July 14, 1880. Richard D. Mohr, “Anna Pottery – Plagiarism as\nArt,” Krannert Art Museum, University of Illinois at Urbana-Champaign (11/7/2003-1/4/2004),\np. 27\n\n","Anna Pottery booklet; Snakes Article; page 27","","Minneapolis Institute of Arts"
"2014_TDX_MIAArtStories_128.tif","Dying Warrior on left, Laomedon (?), ca. 490 BC - ca. 480 BC, Saronic Gulf,  Marble, L 1.78 m, Glyptothek, Munich ","Dying Warrior on left, Laomedon (?), ca. 490 BC - ca. 480 BC, Saronic Gulf,  Marble, L 1.78 m, Glyptothek, Munich.","",
"2014_TDX_MIAArtStories_127.tif","Alexander the Great fighting at the battle of Issus against Darius III of Persia, Mosaic, Museo Archeologico Nazionale di Napoli, Inventory number 10020, \n Height:317 Length:555\n","Alexander the Great fighting at the battle of Issus against Darius III of Persia, Mosaic, Museo Archeologico Nazionale di Napoli, Inventory number 10020, Height:317 Length:555.","",
"2014_TDX_MIAArtStories_129.tif","Bayeux Tapestry (Battle of Hastings), Reading Museum\n\n","Bayeux Tapestry (Battle of Hastings), Reading Museum.","",
"2014_TDX_MIAArtStories_152.tif","Washington Crossing the Delaware, 1851, Emanuel Leutze (American, Schwäbisch Gmünd 1816–1868 Washington, D.C.), Oil on canvas, 149 x 255 in. (378.5 x 647.7 cm), Gift of John Stewart Kennedy, 1897, Metropolitan Museum of Art  97.34\n                    \n                ","Washington Crossing the Delaware, 1851, Emanuel Leutze (American, Schwäbisch Gmünd 1816–1868 Washington, D.C.), Oil on canvas, 149 x 255 in. (378.5 x 647.7 cm), Gift of John Stewart Kennedy, 1897, Metropolitan Museum of Art 97.34.","",
"2014_TDX_MIAArtStories_221.tif","Original design for the ""Be Patriotic"" poster\nBy Paul Stahr, ca. 1917-18 \nGouache on paper \n27 7/8 "" x 20""\nHerbert Hoover Library, National Archives and Records Administration","Original design for the ""Be Patriotic"" poster\nBy Paul Stahr, ca. 1917-18 \nGouache on paper \n27 7/8 """" x 20""""\nHerbert Hoover Library, National Archives and Records Administration","",
"2014_TDX_MIAArtStories_229.tif","Bertel Thorvaldsen, Danish\nJason with the Golden Fleece, 1803 ","Bertel Thorvaldsen, Danish\nJason with the Golden Fleece, 1803","",
"2014_TDX_MIAArtStories_220.tif",null,null,"",
"2014_TDX_MIAArtStories_219.tif","Bertel Thorvaldsen\nVenus with the Apple, 1813-1816\nMarble. 160,8 cm\nInventory number: A853\nThorvaldsen Museum\n","Bertel Thorvaldsen\nVenus with the Apple, 1813-1816\nMarble. 160,8 cm\nInventory number: A853\nThorvaldsen Museum","",
"2014_TDX_MIAArtStories_218.tif","Bertel Thorvaldsen\nPsyche, 1806\nMarble. 132 cm\nInventory number: A821\n\n","Bertel Thorvaldsen\nPsyche, 1806\nMarble. 132 cm\nInventory number: A821","",
"2014_TDX_MIAArtStories_316.tif","The “Old” Frankfurt c. 1920","The “Old” Frankfurt c. 1920.","",
"2014_TDX_MIAArtStories_320.tif","Garden plans for Heddernheim/Römerstadt housing in Frankfurt am Main,\nc. 1925-30\n\n","Garden plans for Heddernheim/Römerstadt housing in Frankfurt am Main, c. 1925-30.","",
"2014_TDX_MIAArtStories_317.tif","\n\nHöhenblick Estate Housing complex\n\n","Höhenblick Estate Housing complex.","",
"2014_TDX_MIAArtStories_319.tif","Page from Beecher’s\nbook Housekeeper and Healthkeeper (1873), pg 7.","Page from Beecher’s book ""Housekeeper and Healthkeeper"" (1873), pg 7.","",
"2014_TDX_MIAArtStories_318.tif","Page from Beecher’s\nbook Housekeeper and Healthkeeper (1873), pg 141.","Page from Beecher’s book ""Housekeeper and Healthkeeper"" (1873), pg 141.","",
"2014_TDX_MIAArtStories_314.tif","Christine Frederick’s efficiency studies, from\nher book Household Engineering:\nScientific Management in the Home (1919), ","Christine Frederick’s efficiency studies, from her book ""Household Engineering: Scientific Management in the Home"" (1919)","",
"2014_TDX_MIAArtStories_313.tif","Christine Frederick’s efficiency studies, from\nher book Household Engineering:\nScientific Management in the Home (1919), ","Christine Frederick’s efficiency studies, from her book ""Household Engineering: Scientific Management in the Home"" (1919)","",
"2014_TDX_MIAArtStories_321.tif"," The Frankfurt Kitchen, originally designed by Architect, Margarete \nSchütte-Lihotzky, on display at the Moma in New York.","The Frankfurt Kitchen, originally designed by Architect, Margarete Schütte-Lihotzky, on display at the Moma in New York."," Photograph by Jonathan Savoie","Photograph by Jonathan Savoie"
"2014_TDX_MIAArtStories_315.tif","Frankfurt Kitchen, MAK – Austrian Museum of Applied Arts / Contemporary Art’s. ","Frankfurt Kitchen, MAK – Austrian Museum of Applied Arts / Contemporary Art’s.","\n\n© MAK – Austrian Museum of Applied Arts / Contemporary Art.\n\n","© MAK – Austrian Museum of Applied Arts / Contemporary Art."
"2014_TDX_MIAArtStories_322.tif","Sample of gradual change of color within marble","Sample of gradual change of color within marble.","",
"2014_TDX_MIAArtStories_324.tif","Flautin, stage name of the actor Giovanni\nGherardi (early 1600-1683), copper engraving by Nicolas Bonnart (1636-1718),\n23x18 cm. France, 18th century. ","Flautin, stage name of the actor Giovanni Gherardi (early 1600-1683), copper engraving by Nicolas Bonnart (1636-1718), 23x18 cm. France, 18th century.",null,null
"2014_TDX_MIAArtStories_325.tif",null,null,"The Metropolitan Museum of Art","The Metropolitan Museum of Art."
"2014_TDX_MIAArtStories_323.tif","""Immune \nColumbia"" Pattern Coin. 27. Detail of English Printed Textile with \nVersion of Pine's ""America Lamenting."" 28. Watercolor and Silk \nEmbroidery, New York. 29. English Georgian Needlework Carpet. 30.","""Immune Columbia"" Pattern Coin. 27. Detail of English Printed Textile with Version of Pine's ""America Lamenting."" 28. Watercolor and Silk Embroidery, New York. 29. English Georgian Needlework Carpet. 30.","",
"2014_TDX_MIAArtStories_331.tif","Crossed staves","Crossed staves.","",
"2014_TDX_MIAArtStories_336.tif","This coronet is a Herzogskrone, or duke’s\ncrown.  ","This coronet is a Herzogskrone, or duke’s crown.","",
"2014_TDX_MIAArtStories_335.tif","This coronet is a Herzogskrone, or duke’s\ncrown.  ","This coronet is a Herzogskrone, or duke’s crown. ","",
"2014_TDX_MIAArtStories_327.tif","Austrian crown jewels","Austrian crown jewels.","",
"2014_TDX_MIAArtStories_332.tif","The Ecclesiastical Treasury","The Ecclesiastical Treasury.","",
"2014_TDX_MIAArtStories_337.tif","Cradle of the King of Rome","Cradle of the King of Rome.","",
"2014_TDX_MIAArtStories_333.tif","\n\nThe emerald Unguentarium, a small container for oils or other liquids or powders\n\n","The emerald Unguentarium, a small container for oils or other liquids or powders.","",
"2014_TDX_MIAArtStories_328.tif","Ainkhürn (horn of a unicorn)","Ainkhürn (horn of a unicorn).","",
"2014_TDX_MIAArtStories_326.tif","Agate Bowl","Agate bowl.","",
"2014_TDX_MIAArtStories_329.tif","Maria Theresa","Maria Theresa.","",
"2014_TDX_MIAArtStories_334.tif","Maria Theresa coronation","Maria Theresa coronation.","",
"2014_TDX_MIAArtStories_330.tif","Map of Europe","Map of Europe.","",
"2014_TDX_MIAArtStories_056.tif",null,null,"Armoured samurai with sword and dagger, circa 1860, {{PD-US-1923-abroad}}",
"2014_TDX_MIAArtStories_012.tif","Filming of ""The Seven Samurai"" from Eiga no Tomo (December 1953) ","Filming of ""The Seven Samurai"" from Eiga no Tomo (December 1953)",null,null
"2014_TDX_MIAArtStories_162.tif","Tsukimi-tei Ishiyama , Shiga Prefecture Otsu","Tsukimi-tei Ishiyama, Shiga Prefecture Otsu",null,null
"2014_TDX_MIAArtStories_010.tif",null,null,"",
"2014_TDX_MIAArtStories_009.tif",null,null,"",
"2014_TDX_MIAArtStories_011.tif","Inside the Daiitoku Myōō","Inside the Daiitoku Myōō.","",
"2014_TDX_MIAArtStories_296.tif","","Spread of Buddhism in Asia.","",
"2014_TDX_MIAArtStories_158.tif"," Gōzanze Myōō","Gōzanze Myōō",null,null
"2014_TDX_MIAArtStories_297.tif",null,null,"","The Metropolitan Museum of Art"
"2014_TDX_MIAArtStories_006.tif","Moment II\n2003\nFukami Sueharu\nJapan, Asia\nPorcelain with pale bluish glaze (seihakuji)\n16 1/2 × 51 1/4 × 11 7/8 in. (41.91 × 130.18 × 30.16 cm)\nPhoto by Hatakeyama Takashi   ","Moment II\n2003\nFukami Sueharu\nJapan, Asia\nPorcelain with pale bluish glaze (seihakuji)\n16 1/2 × 51 1/4 × 11 7/8 in. (41.91 × 130.18 × 30.16 cm)\nPhoto by Hatakeyama Takashi","© 2014 Minneapolis Institute of Arts",
"100629_mia341_165835.jpg","Bowl 12th-13th century Ceramic, celadon glaze 2 5/8 x 7 7/8 in. (6.7 x 20 cm) Origin: China, Asia Gift of Dr. and Mrs. Donald E. Lee, 96.98.6",,"© 2014 Minneapolis Institute of Arts","Minneapolis Institute of Arts"
"2014_TDX_MIAArtStories_026.tif","14, After the excess slip is removed, the clay is dried for three hours and then the wooden frame is removed.","14. After the excess slip is removed, the clay is dried for three hours and then the wooden frame is removed.",null,null
"2014_TDX_MIAArtStories_032.tif","20. The slip-cast work right after the last section of mold has been removed. ","20. The slip-cast work right after the last section of mold has been removed.",null,null
"2014_TDX_MIAArtStories_033.tif","21. The work is left to dry completely. ","21. The work is left to dry completely.",null,null
"2014_TDX_MIAArtStories_166.tif",null,null,"© 2014 Minneapolis Institute of Arts",
"2014_TDX_MIAArtStories_167.tif",null,null,"© 2014 Minneapolis Institute of Arts",
"2014_TDX_MIAArtStories_168.tif",null,null,"© 2014 Minneapolis Institute of Arts",
"2014_TDX_MIAArtStories_169.tif",null,null,"© 2014 Minneapolis Institute of Arts",
"2014_TDX_MIAArtStories_165.tif",null,null,"",
"2014_TDX_MIAArtStories_164.tif",null,null,"",
"2014_TDX_MIAArtStories_170.tif",null,null,"© 2014 Minneapolis Institute of Arts",
"2014_TDX_MIAArtStories_171.tif",null,null,"© 2014 Minneapolis Institute of Arts",
"2014_TDX_MIAArtStories_172.tif",null,null,"© 2014 Minneapolis Institute of Arts",
"2014_TDX_MIAArtStories_173.tif",null,null,"© 2014 Minneapolis Institute of Arts",
"2014_TDX_MIAArtStories_060.tif","The Shingon Buddhist temple Daikakuji ","The Shingon Buddhist temple Daikakuji","Andreas Marks","Photo: Andreas Marks"
"2014_TDX_MIAArtStories_008.tif","""Crater of Mount Fuji & Kengamine"" by 名古屋太郎 - Own work PENTAX K10D + smc PENTAX-A 1:3.5 15mm. Licensed under Creative Commons Attribution-Share Alike 3.0-2.5-2.0-1.0 via Wikimedia Commons - http://commons.wikimedia.org/wiki/File:Crater_of_Mount_Fuji_%26_Kengamine.jpg#mediaviewer/File:Crater_of_Mount_Fuji_%26_Kengamine.jpg","Crater of Mount Fuji & Kengamine","","""Crater of Mount Fuji & Kengamine"" by 名古屋太郎 - Own work PENTAX K10D + smc PENTAX-A 1:3.5 15mm. Licensed under Creative Commons Attribution-Share Alike 3.0-2.5-2.0-1.0 via Wikimedia Commons - http://commons.wikimedia.org/wiki/File:Crater_of_Mount_Fuji_%26_Kengamine.jpg#mediaviewer/File:Crater_of_Mount_Fuji_%26_Kengamine.jpg"
"2014_TDX_MIAArtStories_047.tif","""Mountfujijapan"" by Swollib - Self-photographedTransferred from English Wikipedia; en:Image:Mountfujijapan.JPG. Licensed under Public domain via Wikimedia Commons - http://commons.wikimedia.org/wiki/File:Mountfujijapan.jpg#mediaviewer/File:Mountfujijapan.jpg","Mount Fuji, Japan","","""Mountfujijapan"" by Swollib - Self-photographedTransferred from English Wikipedia; en:Image:Mountfujijapan.JPG. Licensed under Public domain via Wikimedia Commons - http://commons.wikimedia.org/wiki/File:Mountfujijapan.jpg#mediaviewer/File:Mountfujijapan.jpg"
"2014_TDX_MIAArtStories_298.tif","Mount Fuji, Japan at sunset. Abhijeet Roy","Mount Fuji, Japan at sunset. Abhijeet Roy.","Abhijeet Roy, https://www.flickr.com/photos/abhi_roy/","Abhijit Roy"
"2014_TDX_MIAArtStories_156.tif",null,null,"",
"2014_TDX_MIAArtStories_155.tif",null,null,"",
"2014_TDX_MIAArtStories_161.tif",null,null,"",
"2014_TDX_MIAArtStories_299.tif","","Actor Segawa Kikunojô III as the Courtesan (Keisei) Umegawa\nJapanese\n1780 (An'ei 9), 7th month\nKatsushika Hokusai (Japanese, 1760–1849\nWoodblock print (nishiki-e); ink and color on paper\n29.8 x 13.2 cm (11 3/4 x 5 3/16 in.)\nDenman Waldo Ross Collection\nMuseum of Fine Arts, Boston\n11.2216","","Museum of Fine Arts, Boston"
"2014_TDX_MIAArtStories_160.tif","By Hokusai (Ukito-e.com) [Public domain], via Wikimedia Commons",,"","By Hokusai (Ukito-e.com) [Public domain], via Wikimedia Commons"
"2014_TDX_MIAArtStories_052.tif","Reprint of Find Wind, Clear Weather, Private collection","Reprint of Find Wind, Clear Weather. Private collection","","Private collection"
"2014_TDX_MIAArtStories_053.tif","Reprint of Find Wind, Clear Weather, Private collection","Reprint of Find Wind, Clear Weather. Private collection","","Private collection"
"2014_TDX_MIAArtStories_054.tif","Reprint of Find Wind, Clear Weather, Private collection","Reprint of Find Wind, Clear Weather. Private collection","","Private collection"
"2014_TDX_MIAArtStories_048.tif","Posthumous portrait in the book Katsushika Hokusai den (Biography of Katsushika Hokusai) from 1893 .National Diet Library","Posthumous portrait in the book Katsushika Hokusai den (Biography of Katsushika Hokusai) from 1893. National Diet Library","",
"2014_TDX_MIAArtStories_203.tif","Satellite photo of the Church of Chailly and surrounding area","Satellite photo of Église Saint-Paul\n2 Rue de l'Église, 77930 Chailly-en-Bière, France","Imagery ©2014 DigitalGlobe, Map data ©2014 Google",
"2014_TDX_MIAArtStories_201.tif","Jean-François Millet, French, 1814–1875, Normandy, c. 1853–54, graphite, 9.8 x 11.5 cm (3 7/8 x 4 1/2 in.), Gift of Beatrice Mintz, M.D., 1934, and Robert V. Sager, M.D., in memory of Samuel Benjamin 1984.49.3","Jean-François Millet, French, 1814–1875\nNormandy, c. 1853-54\nGraphite\nSheet: 9.8 x 11.5 cm (3 7/8 x 4 1/2 in.)\nGift of Beatrice Mintz, M.D., 1934, and Robert V. Sager, M.D., in memory of Samuel Benjamin\n1984.49.3","Yale University Art Gallery",
"2014_TDX_MIAArtStories_211.tif","Portrait of Millet, c. 1856–58, by Nadar (French, 1820–1910)","Portrait of Millet c. 1856-58 by Nadar (French, 1820-1910)",null,null
"2014_TDX_MIAArtStories_205.tif",null,null,"By Poudou99 (own work). Licensed under CC BY-SA 3.0 via Wikimedia Commons\n\n",
"2014_TDX_MIAArtStories_206.tif",null,null,"Photographer unknown",
"2014_TDX_MIAArtStories_199.tif","1934 Krause lithography press in the Regional Office of Cartography and Geographical Information, Munich, Germany","Lithography printing press Steinhandhebelpresse Krause 1934 in the Landesamt für Vermessung und Geoinformation","By Chris 73. Licensed under CC BY-SA 3.0 via Wikimedia Commons\n",
"2014_TDX_MIAArtStories_202.tif","Alphonse Mucha, Czech, 1860–1939, La dame aux camelias—Sarah Bernhardt Theatre de la Renaissance, 1896, lithograph\n","Alphonse Mucha, Czech, 1860-1939\nLa dame aux camelias--Sarah Bernhardt Theatre de la Renaissance, 1896\nLithograph\n30 x 82 in. (76 x 207 cm)","[Public Domain] via Wikimedia Commons / Library of Congress\n",
"2014_TDX_MIAArtStories_200.tif","Honoré Daumier photographed by Victor Laisné, c. 1850, from \nHistoire des artistes vivants, français et étrangers, peintres, sculpteurs, architectes, graveurs, photographes : études d'après nature by Théophile Silvestre\n","Honoré Daumier, c. 1850. From Histoire des artistes vivants, français et étrangers, peintres, sculpteurs, architectes, graveurs, photographes  études d'après nature, 1853, by Théophile Silvestre","[Public Domain] via Wikimedia Commons\n",
"2014_TDX_MIAArtStories_204.tif","Honoré Daumier, Les poires (The Pears), \nfrom La Caricature, 1831, lithograph\n","Honoré Daumier\nLes poires (The Pears)\nFrom La Caricature, published 1831\nLithograph","[Public Domain] via Wikimedia Commons\n\n",
"2014_TDX_MIAArtStories_209.tif","Terence Lynch, “The Geometric Body in Dürer's Engraving Melencolia I,”Journal of the Warburg and Courtauld Institutes, Vol.\n45 (1982), pp. 226-232","Terence Lynch, “The Geometric Body in Dürer's Engraving Melencolia I,”Journal of the Warburg and Courtauld Institutes, Vol. 45 (1982), pp. 226-232","The Warburg Institute",
"2014_TDX_MIAArtStories_210.tif","Portrait of Cornelius Agrippa","Heinrich Cornelius","Image from the History of Medicine (NLM). Licensed under [Public Domain] via Wikimedia Commons",
"2014_TDX_MIAArtStories_213.tif","Albrecht Dürer, German, 1471–1528, Self-Portrait, c. 1491–92, pen and ink, Universität Erlangen-Nürnberg Shelfmark H62/B 155","Albrecht Dürer, German, 1471–1528\nSelf-Portrait, c. 1491-92\nPen and ink\n20.8 x 20.4 cm\nUniversität Erlangen-Nürnberg\nShelfmark H62/B 155","Erlangen, Graphic Collection of the University (B 155v)",
"mia_5014413_Crop.tif","Albrecht Dürer, German, 1471–1528, Melencolia I (detail)\nP.167\n","","© 2014 Minneapolis Institute of Arts","Minneapolis Institute of Arts"
"mia_6001360_Overlay.tif","Portrait of Marsilio Ficino, detail from Giorgio Varsari, Italian (Florence), 1511–1574, Six Tuscan Poets, 1544, oil on panel, The William Hood Dunwoody Fund 71.24\n",,"© 2014 Minneapolis Institute of Arts","Minneapolis Institute of Arts"
"2014_TDX_MIAArtStories_378.tif","Terence Lynch, “The Geometric Body in Dürer's Engraving Melencolia I,”Journal of the Warburg and Courtauld Institutes, Vol.\n45 (1982), pp. 226-232\n","Terence Lynch, “The Geometric Body in Dürer's Engraving Melencolia I,”Journal of the Warburg and Courtauld Institutes, Vol.\n45 (1982), pp. 226-232","The Warburg Institute","Minneapolis Institute of Arts"
"mia_5014413_CropOverlay.tif","Albrecht Dürer, German, 1471–1528, Melencolia I (detail)\n\n","P.167; detail",null,null
"mia_5014411_Overlay.tif","Albrecht Dürer, German, 1471–1528, Melencolia I (detail)\n\n","P.167; detail",null,null
"2014_TDX_MIAArtStories_262.tif","Haystacks, Giverny, 2011","Haystacks, Giverny, 2011.",null,null
"2014_TDX_MIAArtStories_280.tif","Haystacks (Effect of Snow and Sun)\nClaude Monet \n(French, 1840–1926)\n1891\nOil on canvas\n25 3/4 x 36 1/4 in. (65.4 x 92.1 cm)\nCredit Line: H. O. Havemeyer Collection, Bequest of Mrs. H. O. Havemeyer, 1929\nAccession Number: 29.100.109","Haystacks (Effect of Snow and Sun)\nClaude Monet \n(French, Paris 1840–1926 Giverny)\n1891\nOil on canvas\n25 3/4 x 36 1/4 in. (65.4 x 92.1 cm)\nCredit Line: H. O. Havemeyer Collection, Bequest of Mrs. H. O. Havemeyer, 1929\nAccession Number: 29.100.109",null,null
"2014_TDX_MIAArtStories_267.tif","Claude Monet\nFrench, 1840 - 1926\nRouen Cathedral, West Façade, Sunlight\n1894\noil on canvas\noverall: 100.1 x 65.8 cm (39 3/8 x 25 7/8 in.)\nframed: 127.6 x 91.4 cm (50 1/4 x 36 in.)\nChester Dale Collection 1963.10.179\n","Claude Monet\nFrench, 1840 - 1926\nRouen Cathedral, West Façade, Sunlight\n1894\noil on canvas\noverall: 100.1 x 65.8 cm (39 3/8 x 25 7/8 in.)\nframed: 127.6 x 91.4 cm (50 1/4 x 36 in.)\nChester Dale Collection 1963.10.179",null,null
"2014_TDX_MIAArtStories_261.tif","Monet's Garden, Giverny","Monet's Garden, Giverny.",null,null
"2014_TDX_MIAArtStories_371.tif","Claude Monet (French, 1840–1926)\nWater Lilies, 1914-26\nOil on canvas, three panels\nEach 6' 6 3/4"" x 13' 11 1/4"", overall 6' 6 3/4"" x 41' 10 3/8"" \nCredit Line:Mrs. Simon Guggenheim Fund\nMuseum of Modern Art\nNumber:666.1959.a-c","Claude Monet (French, 1840–1926)\nWater Lilies, 1914-26\nOil on canvas, three panels\nEach 6' 6 3/4"""" x 13' 11 1/4"""", overall 6' 6 3/4"""" x 41' 10 3/8"""" \nCredit Line:Mrs. Simon Guggenheim Fund\nMuseum of Modern Art\nNumber:666.1959.a-c",null,null
"2014_TDX_MIAArtStories_360.tif","Monet at Giverny in his dining room","Monet at Giverny in his dining room.",null,null
"2014_TDX_MIAArtStories_264.tif","Bobbin lace in progress, 2003","Bobbin lace in progress, 2003.",null,null
"2014_TDX_MIAArtStories_214.tif",null,null,"The Metropolitan Museum of Art, www.metmuseum.org","Open Access for Scholarly Content [OASC]"
"2014_TDX_MIAArtStories_216.tif",null,null,"Wikimedia Commons",
"2014_TDX_MIAArtStories_217.tif","View of Tangier\nEugène Delacroix\nwatercolor\n7.6 x 5 in. (19.3 x 12.7 cm)\nDepartment of Graphic Arts, Louvre, Paris\nRF 1712.BIS, 1.","View of Tangier\nEugène Delacroix\nwatercolor\n7.6 x 5 in. (19.3 x 12.7 cm)\nDépartment des Art graphiques, Louvre, Paris\nRF 1712.BIS, 1.","© RMN, Musée du Louvre","© RMN"
"2014_TDX_MIAArtStories_271.tif","Antoine-Jean Gros (1771–1835) \nBattle of the Pyramids, July 21, 1798, 1810\noil on canvas\n389 x 311cm\nPalace of Versailles\n","Antoine-Jean Gros (1771–1835) \nBattle of the Pyramids, July 21, 1798, 1810\noil on canvas\n389 x 311cm\nPalace of Versailles",null,null
"2014_TDX_MIAArtStories_300.tif","Portrait of James J. Hill","Portrait of James J. Hill.","Photograph of an engraving by Pach Brothers Photograph, New York, New York. Canadian Press Syndicate. Photo courtesy of Minnesota Historical Society","Minnesota Historical Society"
"2014_TDX_MIAArtStories_301.tif","Portrait of Hill Family","Portrait of Hill Family.","Photographer: Charles A. Zimmerman. Photo courtesy of Minnesota Historical Society","Minnesota Historical Society"
"2014_TDX_MIAArtStories_302.tif","Portrait of Mary Mehegan Hill","Portrait of Mary Mehegan Hill.","Courtesy of Minnesota Historical Society","Minnesota Historical Society"
"2014_TDX_MIAArtStories_263.tif","Tiziano (Tiziano Vecellio) (Italian, c. 1488-1576)\nDanaë\n1545-1546\noil on canvas\n47.2 × 67.7 in (120 × 172 cm)\nQ 134        \nNational Museum of Capodimonte, Naples","Titian [Vecellio di Gregorio Tiziano]\nDanaë receiving the Golden Rain\n1560-1565\nOil on canvas129,8 cm x 181,2 cm\nInventory number: P00425",null,null
"2014_TDX_MIAArtStories_275.tif","Anne-Louis GIRODET DE ROUSSY-TRIOSON (French, 1767-1824)\nThe Sleep of Endymion\n1791\noil on canvas\nH. : 1,98 m. ; L. : 2,61 m.\nINV. 4935","Anne-Louis GIRODET DE ROUSSY-TRIOSON (Montargis (Loiret), 1767 - Paris, 1824)\nThe Sleep of Endymion\n1791\noil on canvas\nH. : 1,98 m. ; L. : 2,61 m.\nINV. 4935",null,null
"2014_TDX_MIAArtStories_355.tif","Diego Velázquez (1599–1660)\nPortrait of Innocent X, circa 1650\noil on canvas\n141 cm (55.5 in) x 119 cm (46.9 in)\nDoria Pamphilj Gallery, Rome\n","Diego Velázquez (1599–1660)\nPortrait of Innocent X, circa 1650\noil on canvas\n141 cm (55.5 in) x 119 cm (46.9 in)\nDoria Pamphilj Gallery, Rome",null,null
"2014_TDX_MIAArtStories_354.tif","Titian (Tiziano Vecellio), Italian (active Venice), 1508-1576\nPortrait of Cardinal Filippo Archinto, 1558\nOil on canvas\n45 3/16 x 34 15/16 inches (114.8 x 88.7 cm)\nPhiladelphia Museum of Art\nJohn G. Johnson Collection, 1917\nCat. 204\n","Titian (Tiziano Vecellio), Italian (active Venice), 1508-1576\nPortrait of Cardinal Filippo Archinto, 1558\nOil on canvas\n45 3/16 x 34 15/16 inches (114.8 x 88.7 cm)\nPhiladelphia Museum of Art\nJohn G. Johnson Collection, 1917\nCat. 204",null,null
"2014_TDX_MIAArtStories_366.tif","Theodore Roosevelt laughing, 1915\nphotograph","Theodore Roosevelt laughing, 1915 photograph.",null,null
"2014_TDX_MIAArtStories_264.tif","Bobbin lace in progress, 2003","Bobbin lace in progress, 2003.",null,null
"2014_TDX_MIAArtStories_287.tif","El Greco (Domenikos Theotokopoulos)\nEl Greco (painter)\nGreek, 1541 - 1614\nChrist Cleansing the Temple, probably before 1570\noil on panel\noverall: 65.4 x 83.2 cm (25 3/4 x 32 3/4 in.) framed: 87.6 x 106.7 x 7.6 cm (34 1/2 x 42 x 3 in.)\nSamuel H. Kress Collection\n1957.14.4 ","El Greco (Domenikos Theotokopoulos)\nEl Greco (painter)\nGreek, 1541 - 1614\nChrist Cleansing the Temple, probably before 1570\noil on panel\noverall: 65.4 x 83.2 cm (25 3/4 x 32 3/4 in.) framed: 87.6 x 106.7 x 7.6 cm (34 1/2 x 42 x 3 in.)\nSamuel H. Kress Collection\n1957.14.4",null,null
"2014_TDX_MIAArtStories_350.tif","Beach at Collioure","Beach at Collioure.",null,null
"2014_TDX_MIAArtStories_357.tif","Vincent van Gogh (Dutch, 1853–1890)\nCorridor in the Asylum, 1889\nOil color and essence over black chalk on pink laid (""Ingres"") paper\n25-5/8 x 19-5/16 in. (65.1 x 49.1 cm)\nThe Metropolitan Museum of Art\nBequest of Abby Aldrich Rockefeller, 1948\n48.190.2","Vincent van Gogh (Dutch, 1853–1890)\nCorridor in the Asylum, 1889\nOil color and essence over black chalk on pink laid (""""Ingres"""") paper\n25-5/8 x 19-5/16 in. (65.1 x 49.1 cm)\nThe Metropolitan Museum of Art\nBequest of Abby Aldrich Rockefeller, 1948\n48.190.2",null,null
"2014_TDX_MIAArtStories_377.tif","Vincent van Gogh (Dutch, 1853–1890)\nThe Olive Trees, 1889 \noil on canvas\n28 5/8 x 36"" (72.6 x 91.4 cm)\nMrs. John Hay Whitney Bequest\n581.1998\nThe Museum of Modern Art","Vincent van Gogh (Dutch, 1853–1890)\nThe Olive Trees, 1889 \noil on canvas\n28 5/8 x 36"""" (72.6 x 91.4 cm)\nMrs. John Hay Whitney Bequest\n581.1998\nThe Museum of Modern Art",null,null
"2014_TDX_MIAArtStories_356.tif","Vincent van Gogh (Dutch, 1853–1890)\nOlive Trees, 1889\nOil on canvas\n28 5/8 x 36 1/4 in. (72.7 x 92.1 cm)\nThe Walter H. and Leonore Annenberg Collection, Gift of Walter H. and Leonore Annenberg, 1998, Bequest of Walter H. Annenberg, 2002\n1998.325.1\nThe Metropolitan Museum of Art        ","Vincent van Gogh (Dutch, 1853–1890)\nOlive Trees, 1889\nOil on canvas\n28 5/8 x 36 1/4 in. (72.7 x 92.1 cm)\nThe Walter H. and Leonore Annenberg Collection, Gift of Walter H. and Leonore Annenberg, 1998, Bequest of Walter H. Annenberg, 2002\n1998.325.1\nThe Metropolitan Museum of Art",null,null
"2014_TDX_MIAArtStories_376.tif","Vincent van Gogh (Dutch, 1853–1890)\nThe Starry Night, 1889\nOil on canvas\n29 x 36 1/4"" (73.7 x 92.1 cm)\nAcquired through the Lillie P. Bliss Bequest\n472.1941\nThe Museum of Modern Art","Vincent van Gogh (Dutch, 1853–1890)\nThe Starry Night, 1889\nOil on canvas\n29 x 36 1/4"""" (73.7 x 92.1 cm)\nAcquired through the Lillie P. Bliss Bequest\n472.1941\nThe Museum of Modern Art",null,null
"2014_TDX_MIAArtStories_369.tif",null,null,"Van Gogh Museum, Amsterdam (Vincent\nvan Gogh Foundation)","Van Gogh Museum, Amsterdam (Vincent van Gogh Foundation)"
"2014_TDX_MIAArtStories_292.tif","Palette knives","Palette knives.",null,null
"2014_TDX_MIAArtStories_257.tif","Just outside Nesters Market in the Woodwards building is anew photographic mural showing the Gastown Riot\nBy: Bill Keay","Just outside Nesters Market in the Woodwards building is anew photographic mural showing the Gastown Riot\nBy: Bill Keay.","Vancouver Sun\nBill Keay","Vancouver Sun / Bill Keay"
"2014_TDX_MIAArtStories_303.tif","Screenshot, Google Maps, Corner of Abbott and Cordova","Screenshot, Google Maps, Corner of Abbott and Cordova.","","Google"
"2014_TDX_MIAArtStories_194.tif","The Woodward's building in Vancouver, Canada, collapsing as it is demolished using explosives. The photographer was standing on top of a building across the street. (2006)\n30 September 2006\n(13 September 2007(originial upload date)\nsize of preview: 800 x 534 pixels. Original file (2,861 x 1,909 pixels, file size: 2.02 MB, MIME tpe: image/jpeg","The Woodward's building in Vancouver, Canada, collapsing as it is demolished using explosives. The photographer was standing on top of a building across the street.",null,null
"2014_TDX_MIAArtStories_259.tif","Public art close up of group of police standing next to a blue car and a yellow car","Public art close up of group of police standing next to a blue car and a yellow car.",null,null
"2014_TDX_MIAArtStories_345.tif",null,null,"",
"2014_TDX_MIAArtStories_346.tif",null,null,"",
"2014_TDX_MIAArtStories_344.tif",null,null,"","CTK"
"2014_TDX_MIAArtStories_347.tif","Vietnam\n","Vietnam","",
"2014_TDX_MIAArtStories_348.tif",null,null,"",
"2014_TDX_MIAArtStories_341.tif","Atomic Bomb Exploding, Bikini-Atoll (""Bravo"" Blast, 1st March, 1954)\n1954\nArtist Unknown\n(United States, North America)\nChromogenic print\n6 7/8 x 9 7/16 in. (17.46 x 23.97 cm) (image) 8 1/2 x 11 in. (21.59 x 27.94 cm) (sheet)\nThe Robert C. Winton Fund \n2012.87.3.1","Atomic Bomb Exploding, Bikini-Atoll (""""Bravo"""" Blast, 1st March, 1954)\n1954\nArtist Unknown\n(United States, North America)\nChromogenic print\n6 7/8 x 9 7/16 in. (17.46 x 23.97 cm) (image) 8 1/2 x 11 in. (21.59 x 27.94 cm) (sheet)\nThe Robert C. Winton Fund \n2012.87.3.1","",
"2014_TDX_MIAArtStories_342.tif","Atomic Bomb Exploding, Bikini-Atoll (""Bravo"" Blast, 1st March, 1954)\n1954\nArtist Unknown\n(United States, North America)\nChromogenic print\n6 7/8 x 9 7/16 in. (17.46 x 23.97 cm) (image) 8 1/2 x 11 in. (21.59 x 27.94 cm) (sheet)\nThe Robert C. Winton Fund \n2012.87.3.2","Atomic Bomb Exploding, Bikini-Atoll (""""Bravo"""" Blast, 1st March, 1954)\n1954\nArtist Unknown\n(United States, North America)\nChromogenic print\n6 7/8 x 9 7/16 in. (17.46 x 23.97 cm) (image) 8 1/2 x 11 in. (21.59 x 27.94 cm) (sheet)\nThe Robert C. Winton Fund \n2012.87.3.2","",
"2014_TDX_MIAArtStories_343.tif",null,null,"",
"2014_TDX_MIAArtStories_339.tif","Untitled (Atomic Bomb Test Crater, Nevada, U.S.A.)\n2012.87.1","Untitled (Atomic Bomb Test Crater, Nevada, U.S.A.)\nThe Douglas J. and Victoria Galloway Holmen Endowment Fund 2012.87.1","",
"2014_TDX_MIAArtStories_340.tif","Untitled (Atomic Bomb Test Crater, Nevada, U.S.A.)\n2012.87.2","Untitled (Atomic Bomb Test Crater, Nevada, U.S.A.)\nThe Robert C. Winton Fund 2012.87.2","",
"2014_TDX_MIAArtStories_196.tif",null,null,"","Wiki Commons"
"2014_TDX_MIAArtStories_189.tif","Japanese clock melted by WWII nuclear bomb. On display in the War Memorial museum, Canberra, Australia. The hands apparently show the time of the explosion. The infocard described the glass face as being melted by the blast (you can see it dripping at the bottom), and said the clock was found near the centre of the explosion. It did not specify Hiroshima or Nagasaki","Japanese clock melted by WWII nuclear bomb. On display in the War Memorial museum, Canberra, Australia. The hands apparently show the time of the explosion. The infocard described the glass face as being melted by the blast (you can see it dripping at the bottom), and said the clock was found near the centre of the explosion. It did not specify Hiroshima or Nagasaki.","","Wiki Commons"
"2014_TDX_MIAArtStories_195.tif","Atomic cloud over Nagasaki from Koyagi-jima by Hiromichi Matsuda\n9 August 1945","Atomic cloud over Nagasaki from Koyagi-jima by Hiromichi Matsuda 9 August 1945","Include source: Мир вокруг нас через объектив, originally (The atomic bomb mushroom cloud over Nagasaki on August 9, 1945 in the Nagasaki Atomic Bomb Museum.)","Wiki Commons"
"2014_TDX_MIAArtStories_187.tif","The Second World War 1939 - 1945- the War in the Far East 1941 - 1945\nThe mushroom cloud over Nagasaki, photographed from an escorting American B-29 aircraft ""The Big Stink"", after the atomic bomb had been dropped by United States Air Force B-29 ""Bock's Car"" on 9 August 1945. The Japanese Supreme War Council agreed later the same day to accept the Potsdam Declaration of 26 July 1945 which demanded the unconditional surrender of Japan.","The Second World War 1939 - 1945- the War in the Far East 1941 - 1945. The mushroom cloud over Nagasaki, photographed from an escorting American B-29 aircraft ""The Big Stink"", after the atomic bomb had been dropped by United States Air Force B-29 ""Bock's Car"" on 9 August 1945. The Japanese Supreme War Council agreed later the same day to accept the Potsdam Declaration of 26 July 1945 which demanded the unconditional surrender of Japan.","","Wiki Commons"
"2014_TDX_MIAArtStories_198.tif",null,null,"You must also include a United States public domain tag to indicate why this work is in the public domain in the United States. ","Wiki Commons"
"2014_TDX_MIAArtStories_197.tif",null,null,"",
"2014_TDX_MIAArtStories_193.tif","Running to the nearest shelter  Unknown photographer 1939 ","Running to the nearest shelter  Unknown photographer 1939","","Wiki Commons"
"2014_TDX_MIAArtStories_188.tif","Afghan National Army by David Love 2007 ","Afghan National Army by David Love 2007","","Wiki Commons"
"2014_TDX_MIAArtStories_192.tif","Qianlong's seal and text?","Conquest of the defence tower at the Luobowa mountain","You must also include a United States public domain tag to indicate why this work is in the public domain in the United States. Note that a few countries have copyright terms longer than 70 years: Mexico has 100 years, Colombia has 80 years, and Guatemala and Samoa have 75 years, Russia has 74 years for some authors. This image may not be in the public domain in these countries, which moreover do not implement the rule of the shorter term. Côte d'Ivoire has a general copyright term of 99 years and Honduras has 75 years, but they do implement the rule of the shorter term.","Wiki Commons"
"2014_TDX_MIAArtStories_244.tif","An American serviceman looks at an anti-Nazi banner hanging outside a barrack in the Buchenwald concentration camp. Ezra Underhill was a sergeant with the 6th Armored Division of the United States Army.\n\n","An American serviceman looks at an anti-Nazi banner hanging outside a barrack in the Buchenwald concentration camp. Ezra Underhill was a sergeant with the 6th Armored Division of the United States Army.","",
"2014_TDX_MIAArtStories_243.tif",null,null,"",
"2014_TDX_MIAArtStories_307.tif","Cover of original edition of Sleeping by the Mississippi; promo images from the Biennial","Cover of original edition of Sleeping by the Mississippi; promo images from the Biennial.",null,null
"2014_TDX_MIAArtStories_190.tif",null,null,"",
"2014_TDX_MIAArtStories_256.tif","Frame by Frame","Frame by Frame.",null,null
"2014_TDX_MIAArtStories_258.tif","neo muyanga","Neo Muyanga.",null,null
"2014_TDX_MIAArtStories_247.tif","The Nose at The Metropolitan Opera in New York October 2013","The Nose at The Metropolitan Opera in New York, October 2013.","",
"2014_TDX_MIAArtStories_246.tif","The Nose at The Metropolitan Opera in New York October 2013 second scene","The Nose at The Metropolitan Opera in New York, October 2013.","",
"2014_TDX_MIAArtStories_245.tif","The Nose at The Metropolitan Opera in New York October 2013","The Nose at The Metropolitan Opera in New York, October 2013.","",
"2014_TDX_MIAArtStories_242.tif","William Kentridge at exhibition opening in Melbourne on 7 March 2012 at ACMI, Melbourne, Australia","William Kentridge at exhibition opening in Melbourne on 7 March 2012 at ACMI, Melbourne, Australia.","",
